L,R,area,bbox,branches,c_i,elongation,endpoints,frame,residual,sigma_L,threshold_matches,time,video,x,y
7.0,515.412685106938,56,"(184, 223, 12, 6)",0,0.013581349862484732,2.2008417396547233,2,29,-13.024111605654067,1.0,2,1.3515834188034188,WhatsApp Video 2026-09-26 at 8.32.19 PM.mp4,190.03571428571428,225.85714285714286
8.242640687119286,448.0827956019629,135,"(240, 255, 12, 19)",0,0.018395351859126764,2.349833484311672,2,29,-9.165661760550536,2.914213562373095,3,1.3515834188034188,WhatsApp Video 2026-09-26 at 8.32.19 PM.mp4,245.8148148148148,264.0962962962963
13.65685424949238,428.0489739286541,35,"(304, 205, 5, 12)",4,0.031904887247244426,3.059883371104593,2,50,-2.973121446303118,2.207106781186548,2,2.3303162393162395,WhatsApp Video 2026-09-26 at 8.32.19 PM.mp4,305.8285714285714,210.25714285714287
25.48528137423857,383.0560097757515,158,"(321, 246, 30, 10)",0,0.06653147509461646,3.391429674228319,2,50,10.603311037449686,7.242640687119286,2,2.3303162393162395,WhatsApp Video 2026-09-26 at 8.32.19 PM.mp4,331.49367088607596,250.58860759493672
13.414213562373096,449.87200978787735,129,"(241, 252, 10, 20)",0,0.029817844343545924,2.0924997850253577,2,50,-4.063600997785258,2.0,1,2.3303162393162395,WhatsApp Video 2026-09-26 at 8.32.19 PM.mp4,245.27906976744185,261.3565891472868
25.14213562373095,362.7721998861317,212,"(284, 361, 16, 26)",4,0.06930557421881461,3.122152637824752,2,50,11.04820424049119,1.2071067811865461,2,2.3303162393162395,WhatsApp Video 2026-09-26 at 8.32.19 PM.mp4,291.5,374.8490566037736
16.65685424949238,419.7540949365688,68,"(302, 215, 7, 17)",4,0.039682410369360384,3.068502342320851,2,71,0.34913989396337186,2.707106781186548,2,3.30904905982906,WhatsApp Video 2026-09-26 at 8.32.19 PM.mp4,304.94117647058823,224.83823529411765
11.65685424949238,360.80920412150056,114,"(348, 248, 19, 9)",0,0.03230753017477624,2.370701963865165,2,71,-2.360813496067907,4.914213562373096,2,3.30904905982906,WhatsApp Video 2026-09-26 at 8.32.19 PM.mp4,358.1140350877193,252.53508771929825
21.242640687119284,401.1373754710323,50,"(302, 250, 4, 20)",4,0.05295602450949699,6.474531374090946,2,71,5.65819775870253,1.5,2,3.30904905982906,WhatsApp Video 2026-09-26 at 8.32.19 PM.mp4,303.56,259.02
40.82842712474619,322.45147574899937,254,"(368, 266, 46, 9)",0,0.12661882545244604,6.424763586309672,2,71,28.30098159541049,2.0,1,3.30904905982906,WhatsApp Video 2026-09-26 at 8.32.19 PM.mp4,392.9803149606299,270.5551181102362
8.414213562373096,181.83153159546134,51,"(450, 474, 13, 6)",0,0.046274776924241236,2.6195418324746944,2,71,1.349942566910319,2.0,1,3.30904905982906,WhatsApp Video 2026-09-26 at 8.32.19 PM.mp4,457.1764705882353,477.29411764705884
7.0,428.003260975863,80,"(319, 185, 7, 14)",0,0.01635501557637609,2.0590872354085716,2,92,-9.628199718418607,2.0,1,4.28778188034188,WhatsApp Video 2026-09-26 at 8.32.19 PM.mp4,322.15,191.2625
10.242640687119286,284.2697402301414,79,"(428, 278, 15, 7)",0,0.0360314139620593,2.3598398668477185,2,92,-0.801420060624265,2.0,1,4.28778188034188,WhatsApp Video 2026-09-26 at 8.32.19 PM.mp4,435.5189873417722,280.49367088607596
10.414213562373096,424.2920451178354,69,"(293, 223, 6, 16)",0,0.024544918251957412,2.946129137003593,2,113,-6.0698030525225555,2.5,3,5.266514700854701,WhatsApp Video 2026-09-26 at 8.32.19 PM.mp4,294.94202898550725,230.71014492753622
20.071067811865476,509.2905962491507,73,"(175, 246, 22, 11)",2,0.03940985354861428,5.134904590845299,2,113,0.2848032637059852,2.0,1,5.266514700854701,WhatsApp Video 2026-09-26 at 8.32.19 PM.mp4,183.6027397260274,250.986301369863
15.485281374238571,354.6044753333617,53,"(357, 253, 14, 6)",4,0.0436691650878939,2.1877616490286025,2,113,1.7086713001842337,1.3284271247461907,2,5.266514700854701,WhatsApp Video 2026-09-26 at 8.32.19 PM.mp4,363.811320754717,255.35849056603774
21.414213562373096,415.1806877343472,139,"(257, 293, 8, 28)",0,0.05157805792757623,4.493729117771531,2,113,5.284178994093377,1.0,2,5.266514700854701,WhatsApp Video 2026-09-26 at 8.32.19 PM.mp4,260.2158273381295,309.0071942446043
16.899494936611667,239.0745989617391,88,"(412, 383, 11, 15)",5,0.07068712029635663,2.118700320291331,2,134,7.611294257783614,4.621320343559644,2,6.245247521367522,WhatsApp Video 2026-09-26 at 8.32.19 PM.mp4,416.8863636363636,390.5568181818182
56.48528137423857,396.4952994334268,432,"(289, 256, 16, 64)",4,0.14246141493973166,6.7672484761485565,2,155,41.08118606113062,1.2071067811865497,2,7.223980341880342,WhatsApp Video 2026-09-26 at 8.32.19 PM.mp4,295.59027777777777,280.8125
39.89949493661167,418.9458989006467,309,"(253, 281, 13, 40)",4,0.09523782197489385,3.7566522280158385,2,176,23.62317951263824,7.621320343559644,2,8.202713162393163,WhatsApp Video 2026-09-26 at 8.32.19 PM.mp4,259.49838187702267,301.5339805825243
15.485281374238571,428.1552058976314,139,"(266, 250, 13, 18)",4,0.03616744853486841,2.2278724215101917,2,197,-1.1488215013186114,6.328427124746191,3,9.181445982905982,WhatsApp Video 2026-09-26 at 8.32.19 PM.mp4,272.568345323741,257.53956834532374
12.82842712474619,378.0357733802968,61,"(291, 314, 6, 18)",0,0.033934426390491455,3.307412241394744,2,197,-1.858503825597456,4.707106781186547,2,9.181445982905982,WhatsApp Video 2026-09-26 at 8.32.19 PM.mp4,294.0983606557377,324.2295081967213
8.65685424949238,190.12051032773888,41,"(461, 400, 8, 8)",2,0.045533510480112206,2.0601792218225876,2,197,1.2705511426205076,2.0,1,9.181445982905982,WhatsApp Video 2026-09-26 at 8.32.19 PM.mp4,464.5609756097561,403.390243902439
19.48528137423857,380.1127076298092,142,"(328, 242, 17, 18)",2,0.05126185203262196,2.0014353454758287,2,218,4.7176602033947965,2.0,1,10.160178803418804,WhatsApp Video 2026-09-26 at 8.32.19 PM.mp4,334.8169014084507,251.05633802816902
13.242640687119286,382.7984252812138,71,"(291, 304, 6, 17)",0,0.034594292485375024,2.968620449278706,2,218,-1.6293223277399154,3.499999999999999,2,10.160178803418804,WhatsApp Video 2026-09-26 at 8.32.19 PM.mp4,293.98591549295776,313.16901408450707
15.071067811865476,462.6657684865855,177,"(230, 242, 14, 21)",0,0.0325744172973161,2.277849281363139,2,239,-2.903792435062474,2.0,1,11.138911623931625,WhatsApp Video 2026-09-26 at 8.32.19 PM.mp4,236.71186440677965,250.47457627118644
9.0,427.7470088917966,39,"(244, 302, 5, 14)",0,0.02104047442276014,3.2497556675535866,2,239,-7.618244161485695,6.414213562373096,2,11.138911623931625,WhatsApp Video 2026-09-26 at 8.32.19 PM.mp4,246.23076923076923,309.5897435897436
12.242640687119286,281.4972556479577,41,"(448, 263, 14, 6)",0,0.04349115467907088,3.6100946746973817,2,260,1.3062927340018184,1.5,2,12.117644444444444,WhatsApp Video 2026-09-26 at 8.32.19 PM.mp4,455.2682926829268,265.7317073170732
10.071067811865476,223.19976640567774,83,"(422, 401, 12, 15)",0,0.04512131878113511,3.0348396339462855,2,281,1.3996145046270243,3.621320343559642,2,13.096377264957265,WhatsApp Video 2026-09-26 at 8.32.19 PM.mp4,427.32530120481925,408.2048192771084
11.242640687119286,381.77487747982934,29,"(299, 295, 6, 10)",4,0.02944835124127118,2.4454880466778612,2,302,-3.589556842720098,2.0,1,14.075110085470087,WhatsApp Video 2026-09-26 at 8.32.19 PM.mp4,301.55172413793105,300.44827586206895
21.071067811865476,411.7566676037765,140,"(259, 302, 8, 24)",0,0.05117359224439239,3.294130291750876,2,302,5.074058609890679,1.0,2,14.075110085470087,WhatsApp Video 2026-09-26 at 8.32.19 PM.mp4,261.99285714285713,313.4428571428571
8.82842712474619,422.59619473175735,76,"(256, 287, 7, 15)",0,0.020890929059004016,2.33984683602683,2,323,-7.5897046208426975,1.0,2,15.053842905982906,WhatsApp Video 2026-09-26 at 8.32.19 PM.mp4,258.7105263157895,294.69736842105266
8.65685424949238,253.30520328169948,123,"(390, 402, 12, 16)",0,0.034175587936364396,2.1301215703856853,2,323,-1.1842144850756426,1.5,2,15.053842905982906,WhatsApp Video 2026-09-26 at 8.32.19 PM.mp4,395.479674796748,409.2764227642276
20.48528137423857,407.2315387333703,81,"(264, 305, 7, 19)",4,0.0503037692953616,3.4926026761490525,2,344,4.664076315524591,4.535533905932738,3,16.032575726495725,WhatsApp Video 2026-09-26 at 8.32.19 PM.mp4,266.9012345679012,313.5308641975309
7.414213562373095,418.3625144099712,142,"(253, 299, 10, 19)",0,0.01772198346410069,2.155080619487166,2,365,-8.839437001988134,9.035533905932738,3,17.011308547008547,WhatsApp Video 2026-09-26 at 8.32.19 PM.mp4,257.3098591549296,307.7112676056338
19.82842712474619,412.0648018426306,91,"(257, 307, 8, 21)",4,0.0481196817492768,2.9471952925434697,2,386,3.819446711028604,5.121320343559642,2,17.990041367521368,WhatsApp Video 2026-09-26 at 8.32.19 PM.mp4,260.54945054945057,315.989010989011
8.242640687119286,211.7558781686843,76,"(434, 403, 11, 12)",4,0.03892520367511695,2.067361422510167,2,386,0.015789738110809637,2.0,1,17.990041367521368,WhatsApp Video 2026-09-26 at 8.32.19 PM.mp4,439.1578947368421,408.9736842105263
19.65685424949238,382.5007022804908,195,"(292, 297, 11, 25)",4,0.05139037427198722,2.4489941638293033,2,407,4.796457963133099,9.121320343559642,3,18.96877418803419,WhatsApp Video 2026-09-26 at 8.32.19 PM.mp4,296.7846153846154,308.1333333333333
7.82842712474619,344.60714313882164,19,"(354, 278, 9, 3)",0,0.022716961272020365,3.4517337745121157,2,428,-5.559780216106629,2.0,1,19.94750700854701,WhatsApp Video 2026-09-26 at 8.32.19 PM.mp4,358.36842105263156,279.0
8.414213562373096,385.038952211036,66,"(286, 312, 6, 14)",0,0.02185288920524942,2.3024517858049274,2,449,-6.54479535297442,2.5,2,20.92623982905983,WhatsApp Video 2026-09-26 at 8.32.19 PM.mp4,288.6818181818182,319.2121212121212
14.242640687119286,373.1891233410605,81,"(294, 318, 9, 15)",4,0.038164672538172614,2.141352737683192,2,470,-0.2559948174514659,8.828427124746192,3,21.90497264957265,WhatsApp Video 2026-09-26 at 8.32.19 PM.mp4,298.44444444444446,326.38271604938274
17.899494936611667,488.200885505894,122,"(209, 227, 19, 13)",2,0.03666420006195496,2.865123586844321,2,491,-1.0674208957390228,9.86396103067893,3,22.88370547008547,WhatsApp Video 2026-09-26 at 8.32.19 PM.mp4,217.24590163934425,233.10655737704917
12.242640687119286,430.6649973496437,107,"(250, 278, 7, 19)",0,0.02842729444571011,2.7824170643217547,2,512,-4.488969187381054,1.9999999999999991,3,23.86243829059829,WhatsApp Video 2026-09-26 at 8.32.19 PM.mp4,253.14953271028037,287.7102803738318
31.970562748477143,491.586644862616,153,"(186, 256, 29, 16)",5,0.06503545831154947,4.3791656085861845,2,533,12.872108005292656,2.8284271247461916,2,24.841171111111112,WhatsApp Video 2026-09-26 at 8.32.19 PM.mp4,197.83660130718954,262.1307189542484
13.485281374238571,464.1275449699204,50,"(215, 273, 12, 10)",4,0.029055119697997105,3.658301179961859,2,533,-4.546369821555423,2.0,1,24.841171111111112,WhatsApp Video 2026-09-26 at 8.32.19 PM.mp4,221.02,277.24
24.72792206135786,496.45461463607165,202,"(198, 226, 25, 15)",4,0.04980902852415779,2.335730779459789,2,554,5.440343587125888,2.0,1,25.819903931623934,WhatsApp Video 2026-09-26 at 8.32.19 PM.mp4,207.3960396039604,233.67326732673268
18.242640687119284,317.0073288587868,139,"(389, 264, 23, 10)",4,0.05754643197932373,2.777331574469176,2,554,5.92670373736884,1.792893218813452,2,25.819903931623934,WhatsApp Video 2026-09-26 at 8.32.19 PM.mp4,401.6474820143885,268.863309352518
18.48528137423857,416.17547896419785,157,"(257, 290, 11, 24)",0,0.04441703634304893,2.5467601975598404,2,554,2.3165985320873617,2.0,1,25.819903931623934,WhatsApp Video 2026-09-26 at 8.32.19 PM.mp4,261.85350318471336,303.03821656050957
10.414213562373096,352.0190677343779,116,"(325, 298, 19, 9)",0,0.029584231415075848,2.603999052405094,2,554,-3.261951777191607,1.0,2,25.819903931623934,WhatsApp Video 2026-09-26 at 8.32.19 PM.mp4,334.92241379310343,301.6465517241379
32.31370849898476,304.0680895659328,249,"(286, 238, 15, 32)",5,0.10627129122662507,3.200407341009324,3,75,7.73687893686369,4.621320343559642,2,3.4953494822485207,WhatsApp Video 2026-09-26 at 8.32.33 PM.mp4,291.8714859437751,252.0843373493976
10.0,386.3766096142523,85,"(367, 242, 18, 6)",0,0.02588148389723623,2.9459278525641452,2,75,-21.22955813888723,2.914213562373095,3,3.4953494822485207,WhatsApp Video 2026-09-26 at 8.32.33 PM.mp4,375.01176470588234,244.31764705882352
86.55634918610404,260.6228349674663,955,"(243, 227, 17, 95)",0,0.3321134512135474,8.258216100606885,2,117,65.49105751365009,1.0,2,5.452745192307692,WhatsApp Video 2026-09-26 at 8.32.33 PM.mp4,252.52774869109948,272.88795811518327
41.55634918610404,288.44533847995575,595,"(274, 270, 24, 45)",4,0.14407010147952806,2.480270262890425,2,117,18.242255517379782,2.0,1,5.452745192307692,WhatsApp Video 2026-09-26 at 8.32.33 PM.mp4,284.2218487394958,288.15966386554624
19.65685424949238,273.44311013399584,36,"(271, 318, 8, 16)",0,0.07188644921373186,4.536552065698167,2,117,-2.4446583501791572,2.0,1,5.452745192307692,WhatsApp Video 2026-09-26 at 8.32.33 PM.mp4,273.1388888888889,324.44444444444446
40.72792206135786,265.3085613232476,302,"(256, 340, 16, 44)",4,0.15351152581817978,5.44649529817606,2,117,19.283898447037952,2.0,1,5.452745192307692,WhatsApp Video 2026-09-26 at 8.32.33 PM.mp4,263.96026490066225,364.05298013245033
15.071067811865476,147.97604736806932,162,"(133, 370, 19, 17)",4,0.10184802256799266,2.4703091987395105,2,138,3.1106476946706056,2.0,1,6.431443047337278,WhatsApp Video 2026-09-26 at 8.32.33 PM.mp4,141.9506172839506,379.1358024691358
39.48528137423857,290.67001374003405,506,"(280, 272, 18, 48)",4,0.13584229369305684,4.010849508874006,2,159,15.991374477575583,1.5,3,7.410140902366863,WhatsApp Video 2026-09-26 at 8.32.33 PM.mp4,287.1699604743083,292.3675889328063
17.899494936611667,534.1455940282376,97,"(523, 305, 20, 13)",0,0.03351051686418181,4.183005865235087,2,180,-25.273747097861595,2.1213203435596437,2,8.38883875739645,WhatsApp Video 2026-09-26 at 8.32.33 PM.mp4,533.4742268041238,310.5670103092784
90.14213562373095,300.8037247112385,835,"(285, 227, 16, 95)",4,0.29967094227395086,8.557875231454977,2,201,65.82915400032955,11.535533905932738,3,9.367536612426035,WhatsApp Video 2026-09-26 at 8.32.33 PM.mp4,292.4251497005988,266.8383233532934
19.82842712474619,232.02743566464923,140,"(227, 345, 9, 26)",0,0.08545725236305395,3.36463246684255,2,201,1.0744080883961402,4.707106781186548,3,9.367536612426035,WhatsApp Video 2026-09-26 at 8.32.33 PM.mp4,230.89285714285714,360.25714285714287
83.07106781186548,298.52687853324574,640,"(286, 230, 12, 93)",0,0.2782699776315592,12.987762524917095,2,222,58.94211622113069,2.0,3,10.346234467455622,WhatsApp Video 2026-09-26 at 8.32.33 PM.mp4,291.9109375,274.8390625
10.65685424949238,239.47740341909238,23,"(222, 253, 8, 7)",4,0.04450045848727772,3.200670417507456,2,222,-8.699321323591349,2.0,1,10.346234467455622,WhatsApp Video 2026-09-26 at 8.32.33 PM.mp4,225.1304347826087,255.69565217391303
13.071067811865476,245.81509471345467,84,"(230, 263, 12, 13)",4,0.05317439039739341,2.1027519935934227,2,222,-6.797362628150307,2.0,1,10.346234467455622,WhatsApp Video 2026-09-26 at 8.32.33 PM.mp4,236.28571428571428,269.5595238095238
33.48528137423857,176.07902594169374,256,"(170, 342, 11, 38)",0,0.19017189125822845,3.6880312694857724,2,243,19.253389378564506,6.621320343559642,3,11.324932322485207,WhatsApp Video 2026-09-26 at 8.32.33 PM.mp4,174.01953125,364.19140625
10.242640687119286,148.66686530638222,133,"(141, 352, 11, 19)",0,0.06889659418062387,2.410668199311481,2,264,-1.7736159854754252,1.0,2,12.303630177514792,WhatsApp Video 2026-09-26 at 8.32.33 PM.mp4,146.72932330827066,361.2631578947368
10.242640687119286,237.304057369854,92,"(208, 238, 17, 8)",0,0.0431625181661157,2.6877523100911036,2,327,-8.937870430322645,4.499999999999999,3,15.23972374260355,WhatsApp Video 2026-09-26 at 8.32.33 PM.mp4,216.77173913043478,240.7826086956522
63.38477631085024,295.5653936753626,751,"(280, 229, 15, 73)",4,0.2144526310156242,6.524260724457264,2,348,39.495191858926034,4.242640687119287,2,16.218421597633135,WhatsApp Video 2026-09-26 at 8.32.33 PM.mp4,286.5219707057257,264.7856191744341
8.65685424949238,174.53986676834424,22,"(154, 259, 8, 6)",2,0.049598148605109665,3.282894321047417,2,348,-5.450632542313079,2.0,1,16.218421597633135,WhatsApp Video 2026-09-26 at 8.32.33 PM.mp4,157.13636363636363,261.3636363636364
13.82842712474619,214.01453812113354,143,"(177, 229, 22, 9)",0,0.06461442874931803,2.534975606033115,2,369,-3.4696682943676596,3.999999999999999,3,17.197119452662722,WhatsApp Video 2026-09-26 at 8.32.33 PM.mp4,186.75524475524475,232.8181818181818
21.48528137423857,149.92596723921983,100,"(141, 288, 10, 22)",4,0.14330593805646055,2.99386401280706,2,390,9.367255608909197,1.6213203435596437,2,18.175817307692306,WhatsApp Video 2026-09-26 at 8.32.33 PM.mp4,145.38,300.7
13.242640687119286,241.92395925329592,139,"(210, 235, 20, 10)",0,0.054738855663544084,2.0798809243857863,2,411,-6.311281995295344,2.499999999999999,2,19.154515162721893,WhatsApp Video 2026-09-26 at 8.32.33 PM.mp4,221.11510791366908,239.17985611510792
17.65685424949238,175.0938117760217,96,"(140, 246, 20, 8)",4,0.10084225176432195,2.986276184212108,2,432,3.504593893779207,7.121320343559642,3,20.13321301775148,WhatsApp Video 2026-09-26 at 8.32.33 PM.mp4,151.1875,249.02083333333334
23.899494936611667,410.02016089090137,280,"(392, 304, 32, 15)",0,0.058288584845882424,2.79593604096138,2,453,-9.24109415195197,3.414213562373096,2,21.111910872781063,WhatsApp Video 2026-09-26 at 8.32.33 PM.mp4,409.1892857142857,311.25
8.242640687119286,144.98497839628078,91,"(141, 320, 9, 17)",0,0.0568516875216552,2.571816983164595,2,453,-3.4760211040600684,2.0,2,21.111910872781063,WhatsApp Video 2026-09-26 at 8.32.33 PM.mp4,144.69230769230768,328.13186813186815
7.0,158.56247985042077,61,"(120, 237, 13, 7)",0,0.044146635487811614,2.0345715987786233,2,474,-5.816086843555636,2.0,1,22.09060872781065,WhatsApp Video 2026-09-26 at 8.32.33 PM.mp4,125.40983606557377,240.31147540983608
10.242640687119286,206.93375902757367,39,"(183, 249, 12, 6)",4,0.049497195311444885,2.6489767974059433,2,474,-6.483138507697978,1.207106781186548,2,22.09060872781065,WhatsApp Video 2026-09-26 at 8.32.33 PM.mp4,188.43589743589743,251.82051282051282
9.242640687119286,101.90322461235841,54,"(36, 241, 12, 7)",2,0.09070017874584879,2.265063974948938,2,495,1.0061362031937602,1.0,2,23.069306582840237,WhatsApp Video 2026-09-26 at 8.32.33 PM.mp4,41.51851851851852,244.27777777777777
22.14213562373095,157.07749792011649,170,"(150, 321, 15, 22)",4,0.14096312913636797,2.3800120959728392,2,495,9.446075014615165,2.0,1,23.069306582840237,WhatsApp Video 2026-09-26 at 8.32.33 PM.mp4,157.0,332.40588235294115
17.071067811865476,203.19176266555525,101,"(178, 250, 20, 10)",4,0.08401456627926254,2.0583276348102686,2,537,0.6477419489407126,1.0,2,25.026702292899408,WhatsApp Video 2026-09-26 at 8.32.33 PM.mp4,185.9009900990099,255.31683168316832
18.48528137423857,176.28882149925252,202,"(170, 341, 13, 26)",0,0.10485793266430651,2.6908118804579977,2,537,4.236432289550756,2.0,2,25.026702292899408,WhatsApp Video 2026-09-26 at 8.32.33 PM.mp4,175.4257425742574,354.76237623762376
19.65685424949238,172.40260024312587,142,"(168, 326, 10, 26)",0,0.11401715648007547,3.0268376314371674,2,558,5.722115723360254,1.914213562373095,2,26.00540014792899,WhatsApp Video 2026-09-26 at 8.32.33 PM.mp4,172.3732394366197,340.5211267605634
8.82842712474619,169.5553968367128,103,"(165, 345, 9, 18)",0,0.052068098624122504,2.229629362999588,2,579,-4.876181258666925,1.0,2,26.98409800295858,WhatsApp Video 2026-09-26 at 8.32.33 PM.mp4,168.72815533980582,354.06796116504853
24.899494936611667,245.8752431959446,136,"(239, 305, 13, 24)",4,0.10126881670949112,3.1905779915077486,2,600,5.026202891405138,5.121320343559644,3,27.962795857988166,WhatsApp Video 2026-09-26 at 8.32.33 PM.mp4,245.21323529411765,319.30882352941177
13.82842712474619,169.2239633755865,122,"(164, 348, 9, 20)",0,0.08171671936352473,2.6820319530024475,2,600,0.15060742441031927,4.121320343559642,3,27.962795857988166,WhatsApp Video 2026-09-26 at 8.32.33 PM.mp4,167.95901639344262,357.9918032786885
24.48528137423857,475.0890916042139,142,"(0, 467, 20, 13)",3,0.051538294199852334,2.302186997965427,2,44,2.6075132911955343,4.914213562373096,3,2.0513394550205297,WhatsApp Video 2026-09-26 at 8.32.44 PM.mp4,7.154929577464789,475.03521126760563
19.31370849898476,374.38662673897915,110,"(290, 219, 17, 14)",4,0.05158760254663209,2.581738192343352,2,107,2.073270993819495,2.0,1,4.988484583799925,WhatsApp Video 2026-09-26 at 8.32.44 PM.mp4,298.6090909090909,225.8272727272727
16.242640687119284,503.3410170053698,100,"(433, 236, 19, 7)",0,0.03226965444571747,2.52961212302276,2,128,-6.9361235306462845,2.499999999999999,3,5.967532960059724,WhatsApp Video 2026-09-26 at 8.32.44 PM.mp4,443.05,238.87
18.31370849898476,299.9147342890664,93,"(112, 270, 16, 13)",4,0.061063050277928264,2.7099103319121447,2,128,4.5026883820887065,1.0,2,5.967532960059724,WhatsApp Video 2026-09-26 at 8.32.44 PM.mp4,118.83870967741936,275.36559139784947
26.48528137423857,409.1949458682374,99,"(290, 272, 8, 26)",4,0.06472533847660707,4.620645989114253,2,149,7.641926970478476,2.0,1,6.946581336319522,WhatsApp Video 2026-09-26 at 8.32.44 PM.mp4,293.22222222222223,285.4141414141414
32.071067811865476,435.1914658288541,345,"(286, 302, 14, 37)",2,0.07369415609008731,2.9117102414557445,2,149,12.030578292365064,6.707106781186548,2,6.946581336319522,WhatsApp Video 2026-09-26 at 8.32.44 PM.mp4,292.89565217391305,321.8753623188406
8.65685424949238,264.9970190209666,83,"(157, 204, 16, 8)",0,0.03266774200508062,2.4412283943560698,2,233,-3.546211296092185,3.707106781186548,2,10.862774841358716,WhatsApp Video 2026-09-26 at 8.32.44 PM.mp4,164.710843373494,207.59036144578315
23.071067811865476,408.8432335341792,303,"(251, 304, 14, 32)",0,0.05643010797178019,2.510399261010901,2,233,4.2439096984695475,5.621320343559642,3,10.862774841358716,WhatsApp Video 2026-09-26 at 8.32.44 PM.mp4,257.970297029703,317.18151815181517
22.82842712474619,520.5286054526487,289,"(250, 434, 12, 34)",0,0.0438562393797642,3.106901222898621,2,233,-1.1418224809213484,1.0,3,10.862774841358716,WhatsApp Video 2026-09-26 at 8.32.44 PM.mp4,255.80622837370242,453.3356401384083
16.65685424949238,401.28112159602773,129,"(316, 233, 8, 20)",4,0.0415091898249351,2.5581035794460596,2,254,-1.8220699555175486,3.32842712474619,3,11.841823217618513,WhatsApp Video 2026-09-26 at 8.32.44 PM.mp4,319.6279069767442,242.6201550387597
12.071067811865476,307.1977705063655,70,"(172, 245, 11, 12)",2,0.03929412570920774,2.4298655892497756,2,254,-2.0753348261582403,1.207106781186548,2,11.841823217618513,WhatsApp Video 2026-09-26 at 8.32.44 PM.mp4,177.11428571428573,251.0
16.071067811865476,519.6749311490405,156,"(259, 435, 12, 22)",0,0.030925232002881362,2.374394298298111,2,254,-7.859870244109924,3.5,2,11.841823217618513,WhatsApp Video 2026-09-26 at 8.32.44 PM.mp4,265.5064102564103,446.7307692307692
16.65685424949238,292.9728185224535,118,"(145, 244, 21, 10)",0,0.056854606285653746,2.96448637449306,2,275,3.165508117703313,6.621320343559644,2,12.820871593878312,WhatsApp Video 2026-09-26 at 8.32.44 PM.mp4,153.3050847457627,249.66101694915255
19.071067811865476,518.6714841303693,200,"(253, 437, 12, 24)",0,0.0367690694309925,2.3087003767757475,2,296,-4.813661687554816,1.0,2,13.799919970138111,WhatsApp Video 2026-09-26 at 8.32.44 PM.mp4,258.985,449.385
16.899494936611667,466.02201543564325,101,"(378, 256, 16, 11)",4,0.03626329739124837,2.3765330593549763,2,317,-4.560735903179886,2.0,1,14.778968346397908,WhatsApp Video 2026-09-26 at 8.32.44 PM.mp4,386.23762376237624,260.76237623762376
46.72792206135786,397.61722778547346,643,"(242, 286, 19, 57)",0,0.11751986281280798,3.436723280983589,2,317,28.417719514000684,3.7071067811865497,2,14.778968346397908,WhatsApp Video 2026-09-26 at 8.32.44 PM.mp4,249.96578538102645,309.21928460342144
35.72792206135786,481.96614455253484,315,"(208, 409, 19, 38)",2,0.07412952645154824,3.4396130312238378,2,317,13.533466914441941,9.828427124746192,2,14.778968346397908,WhatsApp Video 2026-09-26 at 8.32.44 PM.mp4,216.75873015873015,430.47301587301587
15.242640687119286,282.39506400782034,145,"(190, 195, 22, 11)",0,0.05397629997774031,2.432281445506874,2,359,2.238398267455217,2.8284271247461907,3,16.737065098917505,WhatsApp Video 2026-09-26 at 8.32.44 PM.mp4,199.15172413793104,200.21379310344827
8.65685424949238,322.50688147080683,97,"(198, 244, 14, 12)",0,0.026842386153164904,2.026584391728212,2,359,-6.194530222794626,3.621320343559643,2,16.737065098917505,WhatsApp Video 2026-09-26 at 8.32.44 PM.mp4,204.53608247422682,249.35051546391753
21.31370849898476,405.9881883886662,150,"(329, 217, 16, 19)",5,0.05249834627844007,2.234218083510046,2,401,2.618024706224652,2.0,1,18.695161851437103,WhatsApp Video 2026-09-26 at 8.32.44 PM.mp4,335.9066666666667,228.02
26.82842712474619,386.94036181174727,329,"(312, 198, 17, 36)",0,0.06933478585467043,2.961697909121836,2,422,9.009892354559344,2.0,1,19.6742102276969,WhatsApp Video 2026-09-26 at 8.32.44 PM.mp4,319.09726443768994,218.86018237082067
14.242640687119286,288.54646185820326,26,"(173, 224, 15, 5)",0,0.04935995608956164,5.054605282214879,2,422,0.9551274916460315,2.707106781186547,2,19.6742102276969,WhatsApp Video 2026-09-26 at 8.32.44 PM.mp4,179.15384615384616,226.19230769230768
15.242640687119286,279.15912307530823,121,"(152, 223, 22, 10)",0,0.054601979398707694,3.5861531299587037,2,443,2.3874127712672806,1.0,2,20.653258603956697,WhatsApp Video 2026-09-26 at 8.32.44 PM.mp4,161.5206611570248,227.68595041322314
10.82842712474619,415.5386090779664,78,"(338, 226, 16, 8)",0,0.02605877501677463,2.6221818441238205,2,443,-8.307051840389862,5.999999999999999,3,20.653258603956697,WhatsApp Video 2026-09-26 at 8.32.44 PM.mp4,346.14102564102564,229.9102564102564
9.82842712474619,301.9219966893829,71,"(186, 229, 14, 8)",0,0.03255286872939459,2.1773061608666744,2,443,-4.07502706830946,2.0,1,20.653258603956697,WhatsApp Video 2026-09-26 at 8.32.44 PM.mp4,192.43661971830986,232.64788732394365
94.62741699796952,405.02375269144744,1185,"(268, 241, 29, 104)",4,0.2336342408788503,8.435190030342836,2,443,75.97614529735725,2.0,1,20.653258603956697,WhatsApp Video 2026-09-26 at 8.32.44 PM.mp4,283.22025316455694,289.5350210970464
8.242640687119286,231.87237556763998,47,"(134, 182, 12, 7)",0,0.03554817889341375,2.3626044531051784,2,464,-2.4350409249838183,1.914213562373095,2,21.632306980216498,WhatsApp Video 2026-09-26 at 8.32.44 PM.mp4,139.0212765957447,185.5744680851064
10.242640687119286,283.82089254517336,48,"(165, 225, 11, 6)",4,0.036088395731787265,2.342385743731031,2,485,-2.8272608828339703,2.0,1,22.611355356476295,WhatsApp Video 2026-09-26 at 8.32.44 PM.mp4,170.14583333333334,227.16666666666666
11.82842712474619,314.44112724006055,40,"(199, 235, 14, 5)",0,0.03761730289090256,3.5070314046742728,2,485,-2.6515308012497982,1.0,2,22.611355356476295,WhatsApp Video 2026-09-26 at 8.32.44 PM.mp4,206.65,237.0
39.38477631085024,424.51423330717324,299,"(271, 297, 18, 39)",4,0.0927761031803895,3.9051793968931454,2,548,19.835971447988214,2.0,1,25.54850048525569,WhatsApp Video 2026-09-26 at 8.32.44 PM.mp4,279.19397993311037,319.7859531772575
19.899494936611667,424.9998758113904,256,"(350, 216, 26, 17)",2,0.04682235470921129,2.231172767129283,2,611,0.32832632289471064,1.0,2,28.485645614035086,WhatsApp Video 2026-09-26 at 8.32.44 PM.mp4,361.79296875,223.00390625
12.242640687119286,411.49504167335226,137,"(329, 231, 10, 20)",0,0.02975161167758999,2.083485942024215,2,611,-6.706632718955019,1.0,2,28.485645614035086,WhatsApp Video 2026-09-26 at 8.32.44 PM.mp4,333.26277372262774,241.37956204379563
8.0,610.9655066442432,122,"(540, 264, 19, 8)",0,0.013094028898522236,2.2267861064835555,2,611,-20.134852804065275,6.535533905932738,3,28.485645614035086,WhatsApp Video 2026-09-26 at 8.32.44 PM.mp4,549.360655737705,267.3606557377049
17.242640687119284,411.49062108434697,57,"(287, 283, 6, 17)",4,0.0419028765265221,3.9945115576235097,2,611,-1.706429151618373,2.0,1,28.485645614035086,WhatsApp Video 2026-09-26 at 8.32.44 PM.mp4,289.6666666666667,292.2631578947368
20.65685424949238,440.24422769000336,233,"(290, 312, 10, 29)",0,0.04692135171852348,2.942810587078298,2,611,0.383685945884757,2.707106781186547,2,28.485645614035086,WhatsApp Video 2026-09-26 at 8.32.44 PM.mp4,294.3733905579399,327.3519313304721
37.55634918610404,495.125297381602,262,"(418, 226, 34, 14)",5,0.07585221232830422,2.956473387496078,2,653,14.755917394278146,2.0,1,30.443742366554684,WhatsApp Video 2026-09-26 at 8.32.44 PM.mp4,436.64503816793894,233.43129770992365
18.31370849898476,348.91922032343115,150,"(209, 265, 14, 18)",5,0.05248695810454019,2.0414840998766666,2,653,2.2460405250132958,1.621320343559642,3,30.443742366554684,WhatsApp Video 2026-09-26 at 8.32.44 PM.mp4,216.20666666666668,273.86
23.65685424949238,425.50571025198565,276,"(268, 308, 16, 28)",2,0.05559703120196137,2.1098285906691827,2,653,4.0623920498452755,1.0,2,30.443742366554684,WhatsApp Video 2026-09-26 at 8.32.44 PM.mp4,275.64130434782606,324.15579710144925
19.31370849898476,295.47536635831153,142,"(180, 220, 20, 15)",4,0.06536486860824726,2.636714950367302,2,674,5.707120484910519,4.621320343559642,2,31.42279074281448,WhatsApp Video 2026-09-26 at 8.32.44 PM.mp4,187.95774647887325,227.98591549295776
29.65685424949238,395.7157481012201,291,"(298, 237, 14, 35)",4,0.07494484207867931,3.262770089724807,2,674,11.434214503053752,1.207106781186548,3,31.42279074281448,WhatsApp Video 2026-09-26 at 8.32.44 PM.mp4,305.9106529209622,251.0171821305842
20.65685424949238,394.30811559321944,84,"(278, 265, 8, 21)",4,0.05238759597533274,4.177098844596195,2,695,2.499035729430897,9.949747468305834,3,32.40183911907428,WhatsApp Video 2026-09-26 at 8.32.44 PM.mp4,280.9761904761905,276.64285714285717
25.071067811865476,579.2491917848903,249,"(481, 294, 31, 12)",4,0.04328200741137306,2.7804749634794015,2,695,-1.603254339730615,1.9142135623730958,3,32.40183911907428,WhatsApp Video 2026-09-26 at 8.32.44 PM.mp4,495.67469879518075,299.7269076305221
15.82842712474619,419.188497079793,106,"(260, 314, 8, 21)",0,0.03775968862459799,3.169295289979667,2,695,-3.4751285330443142,2.0,1,32.40183911907428,WhatsApp Video 2026-09-26 at 8.32.44 PM.mp4,263.66037735849056,325.8867924528302
10.65685424949238,655.9692926430512,32,"(448, 471, 9, 9)",4,0.01624596512216824,2.9615412232277847,2,695,-19.550414887299503,2.0,1,32.40183911907428,WhatsApp Video 2026-09-26 at 8.32.44 PM.mp4,451.78125,475.59375
15.65685424949238,615.8267913326579,65,"(479, 373, 18, 8)",0,0.025424120012074704,4.472440644751059,2,716,-12.701859848966464,3.414213562373096,2,33.38088749533408,WhatsApp Video 2026-09-26 at 8.32.44 PM.mp4,487.84615384615387,375.83076923076925
30.14213562373095,394.7921724752838,433,"(210, 309, 20, 35)",4,0.07634937500088865,2.234562861925565,2,779,11.962026370432373,2.0,1,36.31803262411347,WhatsApp Video 2026-09-26 at 8.32.44 PM.mp4,218.96997690531177,328.5011547344111
13.242640687119286,449.5884485403296,71,"(379, 225, 17, 6)",0,0.02945502877156635,2.8752901927290937,2,800,-7.46082732299155,2.0,3,37.29708100037327,WhatsApp Video 2026-09-26 at 8.32.44 PM.mp4,387.9577464788732,227.19718309859155
20.242640687119284,396.0529183182311,226,"(304, 236, 12, 27)",0,0.051110949448563814,2.3789213656992225,2,821,2.0044743122174182,5.707106781186547,2,38.27612937663307,WhatsApp Video 2026-09-26 at 8.32.44 PM.mp4,308.91150442477874,247.85398230088495
37.41421356237309,432.0136361414982,471,"(304, 273, 13, 51)",0,0.086604242163594,4.715142509294929,2,821,17.52006253419149,1.3284271247461916,2,38.27612937663307,WhatsApp Video 2026-09-26 at 8.32.44 PM.mp4,310.33545647558384,300.5456475583864
23.899494936611667,403.71155193471094,210,"(223, 318, 16, 24)",4,0.05919943291708617,2.517539641044931,2,821,5.308649847221595,2.0,1,38.27612937663307,WhatsApp Video 2026-09-26 at 8.32.44 PM.mp4,230.9,331.16190476190474
7.82842712474619,258.60329190159564,71,"(251, 172, 13, 8)",0,0.03027195464984677,2.0349656879851943,2,263,-7.348298445223245,1.0,2,12.26138289597001,WhatsApp Video 2026-09-26 at 8.33.20 PM.mp4,256.90140845070425,175.32394366197184
10.65685424949238,203.91071279120092,68,"(43, 338, 10, 13)",4,0.0522623559283259,2.3403051078107593,2,263,-1.3101122421272002,2.0,1,12.26138289597001,WhatsApp Video 2026-09-26 at 8.33.20 PM.mp4,47.705882352941174,343.95588235294116
14.65685424949238,269.3274307069697,56,"(205, 305, 15, 9)",0,0.05442020595904005,2.4278468494892933,2,284,-1.1492419306754549,2.0,1,13.240428678537958,WhatsApp Video 2026-09-26 at 8.33.20 PM.mp4,213.58928571428572,309.76785714285717
24.48528137423857,341.3611789459471,174,"(317, 246, 11, 28)",4,0.07172837125136511,3.714165955267966,2,305,4.45171994890584,4.914213562373096,2,14.219474461105905,WhatsApp Video 2026-09-26 at 8.33.20 PM.mp4,321.867816091954,259.4080459770115
11.242640687119286,623.6281102928958,81,"(586, 329, 16, 9)",0,0.01802779653700828,2.200876037988411,2,305,-25.35640110402472,6.621320343559643,2,14.219474461105905,WhatsApp Video 2026-09-26 at 8.33.20 PM.mp4,594.5925925925926,333.77777777777777
25.071067811865476,341.3447091321531,323,"(320, 217, 30, 18)",4,0.07344794614103452,2.14716682946327,2,347,5.038472955219095,2.8284271247461916,3,16.1775660262418,WhatsApp Video 2026-09-26 at 8.33.20 PM.mp4,332.10835913312695,224.57275541795664
16.071067811865476,483.07899749428015,90,"(451, 294, 18, 9)",0,0.033267991146842944,2.5426711517001754,2,347,-12.279527881156344,2.207106781186548,2,16.1775660262418,WhatsApp Video 2026-09-26 at 8.33.20 PM.mp4,458.44444444444446,298.0
18.31370849898476,281.8253536892812,84,"(267, 211, 14, 14)",4,0.0649824732205465,2.510232959997894,2,452,1.7741431278317918,2.0,1,21.07279493908154,WhatsApp Video 2026-09-26 at 8.33.20 PM.mp4,272.79761904761904,216.46428571428572
15.242640687119286,356.8838278478995,77,"(315, 293, 9, 18)",0,0.04271037098833056,2.630134861456848,2,452,-5.701902886861282,5.121320343559643,2,21.07279493908154,WhatsApp Video 2026-09-26 at 8.33.20 PM.mp4,319.84415584415586,304.02597402597405
90.79898987322333,354.295314566745,1286,"(302, 264, 27, 101)",4,0.2562805268375004,6.608753223856638,2,620,70.00635912066676,2.0,1,28.90516119962512,WhatsApp Video 2026-09-26 at 8.33.20 PM.mp4,313.9587869362364,309.88413685847587
10.485281374238571,412.0541256000156,110,"(368, 311, 12, 16)",0,0.025446369112238236,2.0605854185531207,2,620,-13.697057289048054,2.0,1,28.90516119962512,WhatsApp Video 2026-09-26 at 8.33.20 PM.mp4,373.54545454545456,319.6363636363636
23.48528137423857,340.36743890508336,146,"(288, 305, 12, 24)",4,0.06899978872769848,3.5811347053468334,2,641,3.5100398557298327,6.328427124746191,2,29.884206982193067,WhatsApp Video 2026-09-26 at 8.33.20 PM.mp4,293.4246575342466,318.1917808219178
25.38477631085024,371.44119113909,195,"(344, 247, 21, 27)",0,0.06834130655515976,3.8193722284802214,2,683,3.585900581744532,2.0,1,31.842298547328962,WhatsApp Video 2026-09-26 at 8.33.20 PM.mp4,354.2153846153846,257.5076923076923
19.48528137423857,364.8562711855319,94,"(322, 295, 12, 20)",4,0.05340536236618548,3.724327194221516,2,683,-1.9271432687247518,2.0,1,31.842298547328962,WhatsApp Video 2026-09-26 at 8.33.20 PM.mp4,327.63829787234044,306.24468085106383
31.72792206135786,344.05927659735147,559,"(312, 254, 20, 43)",4,0.09221644123401641,2.6248313536480765,2,851,11.536016605230945,1.7928932188134503,2,39.67466480787254,WhatsApp Video 2026-09-26 at 8.33.20 PM.mp4,319.89803220035776,272.3613595706619
64.14213562373095,361.0908209428578,429,"(297, 301, 18, 61)",4,0.1776343565207418,5.878540344464505,3,851,42.95069503924661,2.0,1,39.67466480787254,WhatsApp Video 2026-09-26 at 8.33.20 PM.mp4,306.0792540792541,337.28205128205127
11.65685424949238,285.0820371235547,97,"(241, 282, 12, 15)",4,0.04088947296402366,2.325122042453472,2,914,-5.07383703651956,1.0,2,42.611802155576385,WhatsApp Video 2026-09-26 at 8.33.20 PM.mp4,246.43298969072166,289.03092783505156
11.65685424949238,209.81046004107606,22,"(147, 289, 6, 8)",3,0.05555897569268108,2.078077317719786,2,914,-0.656352401272617,2.0,1,42.611802155576385,WhatsApp Video 2026-09-26 at 8.33.20 PM.mp4,149.6818181818182,292.72727272727275
33.48528137423857,345.60776290286253,409,"(308, 272, 14, 42)",2,0.09688810544354015,3.8515925809694664,2,935,13.202499458130085,1.0,3,43.59084793814433,WhatsApp Video 2026-09-26 at 8.33.20 PM.mp4,313.38141809290954,291.4327628361858
19.48528137423857,205.5497802594039,98,"(173, 239, 20, 10)",2,0.0947959241291727,2.8769401988252876,2,956,7.422122459960091,1.9142135623730958,2,44.56989372071228,WhatsApp Video 2026-09-26 at 8.33.20 PM.mp4,181.3265306122449,242.51020408163265
18.48528137423857,382.11110344598114,102,"(346, 283, 13, 22)",2,0.04837671872796501,3.617616715524563,2,977,-3.939782558994658,2.0,1,45.548939503280224,WhatsApp Video 2026-09-26 at 8.33.20 PM.mp4,351.55882352941177,295.421568627451
12.65685424949238,266.2471242465346,139,"(249, 203, 21, 11)",0,0.047537994204859914,2.8128719540201357,2,998,-2.96846710187236,2.914213562373095,3,46.527985285848175,WhatsApp Video 2026-09-26 at 8.33.20 PM.mp4,258.9136690647482,207.76258992805757
26.556349186104047,408.4518885443745,169,"(383, 241, 25, 17)",2,0.06501708017740979,3.7055702808782094,2,998,2.5854160421726924,2.0,1,46.527985285848175,WhatsApp Video 2026-09-26 at 8.33.20 PM.mp4,395.53846153846155,247.5976331360947
17.65685424949238,,104,"(205, 216, 20, 10)",2,,2.9493582756026355,2,22,,4.914213562373095,2,1.0247445185185184,WhatsApp Video 2026-09-26 at 8.33.30 PM.mp4,214.16346153846155,220.39423076923077
24.31370849898476,,257,"(268, 269, 14, 30)",4,,2.2014010005283486,2,64,,1.0,2,2.9810749629629627,WhatsApp Video 2026-09-26 at 8.33.30 PM.mp4,273.72762645914395,280.8910505836576
25.31370849898476,,205,"(390, 298, 26, 14)",5,,2.2835532911252554,2,85,,4.0,2,3.9592401851851853,WhatsApp Video 2026-09-26 at 8.33.30 PM.mp4,401.9951219512195,304.6878048780488
30.48528137423857,,249,"(182, 314, 15, 31)",4,,2.6403619931856372,2,85,,3.1213203435596437,3,3.9592401851851853,WhatsApp Video 2026-09-26 at 8.33.30 PM.mp4,187.98393574297188,332.3212851405622
14.071067811865476,214.27357575945658,77,"(375, 295, 10, 13)",4,0.06566870302132657,2.2240182110105016,2,32,1.2565316527453252,2.414213562373095,2,1.491276073619632,WhatsApp Video 2026-09-26 at 8.33.50 PM.mp4,379.14285714285717,300.7792207792208
7.414213562373095,211.47046552546308,121,"(364, 304, 14, 16)",0,0.03506027919288971,2.328805555217254,2,53,-5.232683832498151,1.9142135623730954,2,2.4699259969325156,WhatsApp Video 2026-09-26 at 8.33.50 PM.mp4,370.10743801652893,310.6611570247934
8.65685424949238,332.6870788339123,61,"(301, 203, 12, 10)",0,0.026021011335442185,2.460664349396948,2,95,-11.239348939719932,2.0,1,4.427225843558283,WhatsApp Video 2026-09-26 at 8.33.50 PM.mp4,305.4918032786885,207.7377049180328
67.21320343559643,294.8787712145915,687,"(304, 221, 24, 68)",2,0.22793503634984802,5.403888451132438,2,95,49.57810931401278,2.0,1,4.427225843558283,WhatsApp Video 2026-09-26 at 8.33.50 PM.mp4,314.06113537117903,248.60116448326056
12.414213562373096,220.62193385475376,56,"(462, 258, 15, 5)",0,0.05626917208760386,3.1814422704725356,2,95,-0.7799833368774838,1.0,2,4.427225843558283,WhatsApp Video 2026-09-26 at 8.33.50 PM.mp4,468.48214285714283,260.375
27.899494936611667,221.7696219474213,131,"(425, 262, 28, 10)",4,0.12580395227993071,4.341126306275099,2,116,14.63666106002614,10.242640687119286,3,5.405875766871166,WhatsApp Video 2026-09-26 at 8.33.50 PM.mp4,438.85496183206106,265.29007633587787
21.899494936611667,349.66545873374656,186,"(273, 193, 18, 21)",4,0.0626298491590131,2.586905977843805,2,137,0.9879072681019707,1.0,2,6.3845256901840495,WhatsApp Video 2026-09-26 at 8.33.50 PM.mp4,282.51075268817203,203.70430107526883
10.242640687119286,254.75046877688771,28,"(321, 290, 4, 10)",4,0.04020656266619028,3.094739205051387,2,221,-4.992598105735755,2.0,1,10.299125383435584,WhatsApp Video 2026-09-26 at 8.33.50 PM.mp4,322.2857142857143,294.64285714285717
8.0,221.69673494911035,60,"(494, 255, 15, 6)",0,0.036085330719175315,2.7339032626972775,2,284,-5.258474901979932,2.414213562373095,2,13.235075153374234,WhatsApp Video 2026-09-26 at 8.33.50 PM.mp4,501.75,257.3333333333333
11.242640687119286,221.5341096254259,64,"(498, 254, 14, 8)",4,0.05074902779589363,2.2783417417547267,2,305,-2.0061084795087414,3.414213562373095,2,14.213725076687117,WhatsApp Video 2026-09-26 at 8.33.50 PM.mp4,504.640625,257.5625
9.82842712474619,283.9661010672323,40,"(352, 230, 14, 4)",0,0.03461126904869252,3.4716769426658383,2,326,-7.154039598894228,2.0,2,15.192375,WhatsApp Video 2026-09-26 at 8.33.50 PM.mp4,359.375,231.225
17.31370849898476,209.01070571133468,94,"(363, 308, 14, 13)",5,0.08283646734773852,2.044660202424596,2,347,4.813915948792468,2.0,1,16.171024923312885,WhatsApp Video 2026-09-26 at 8.33.50 PM.mp4,369.5,314.2340425531915
15.242640687119286,308.0792849975614,182,"(314, 215, 11, 25)",0,0.04947635699440142,2.948638392736085,2,389,-3.181904306282215,12.15685424949238,3,18.12832476993865,WhatsApp Video 2026-09-26 at 8.33.50 PM.mp4,319.93956043956047,227.65934065934067
14.65685424949238,197.39213938094937,91,"(347, 336, 10, 19)",0,0.07425247173194646,2.992315033203613,2,389,2.851904905375104,1.0,2,18.12832476993865,WhatsApp Video 2026-09-26 at 8.33.50 PM.mp4,351.5824175824176,346.72527472527474
72.38477631085024,292.42799398771643,761,"(273, 248, 18, 84)",0,0.24753025633343023,7.067089885150964,2,410,54.89624983429901,29.86396103067893,3,19.106974693251534,WhatsApp Video 2026-09-26 at 8.33.50 PM.mp4,282.5400788436268,281.3929040735874
44.31370849898476,325.54860146649776,309,"(294, 199, 13, 49)",0,0.1361201009599333,6.296800985178776,2,431,24.844418782521352,1.0,3,20.08562461656442,WhatsApp Video 2026-09-26 at 8.33.50 PM.mp4,299.42071197411,221.10679611650485
9.0,268.3743047217747,107,"(273, 318, 9, 17)",0,0.03353525222666289,2.045620530733388,2,431,-7.050006258805496,2.0,1,20.08562461656442,WhatsApp Video 2026-09-26 at 8.33.50 PM.mp4,276.4766355140187,327.6448598130841
23.071067811865476,219.85458247248494,147,"(314, 334, 11, 28)",0,0.10493785279528048,3.6826422252919144,2,452,9.922762021679475,11.328427124746192,3,21.064274539877303,WhatsApp Video 2026-09-26 at 8.33.50 PM.mp4,319.46938775510205,350.8299319727891
19.65685424949238,219.73055106826556,88,"(483, 255, 19, 9)",2,0.0894589038889973,2.209574962134686,2,473,6.515966102422674,1.085786437626906,2,22.042924463190186,WhatsApp Video 2026-09-26 at 8.33.50 PM.mp4,490.9318181818182,259.3863636363636
7.242640687119286,255.8304576965402,22,"(365, 256, 9, 6)",0,0.02831031438684415,4.532280204869469,2,515,-8.057186364055916,2.0,1,24.000224309815952,WhatsApp Video 2026-09-26 at 8.33.50 PM.mp4,368.6818181818182,258.3181818181818
14.82842712474619,280.16512796475325,30,"(287, 287, 3, 15)",0,0.0529274547209591,5.615347216617959,2,515,-1.9267240883889105,2.0,1,24.000224309815952,WhatsApp Video 2026-09-26 at 8.33.50 PM.mp4,288.2,293.43333333333334
7.82842712474619,336.4178117894844,43,"(220, 281, 7, 10)",4,0.023269954355582333,2.1795393589788326,2,536,-12.290890894140071,2.0,1,24.978874233128835,WhatsApp Video 2026-09-26 at 8.33.50 PM.mp4,223.1860465116279,285.09302325581393
68.89949493661166,357.5101279482472,965,"(278, 239, 20, 82)",4,0.19272040020803405,6.344243477720222,2,44,52.870245168202906,1.7071067811865532,3,2.050957953281424,WhatsApp Video 2026-09-26 at 8.34.13 PM.mp4,289.5740932642487,276.5813471502591
11.071067811865476,295.8300185098257,62,"(339, 339, 10, 11)",4,0.03742374714923584,2.2009636352828506,2,86,-2.1927053933887795,1.914213562373095,2,4.008690545050055,WhatsApp Video 2026-09-26 at 8.34.13 PM.mp4,343.2903225806452,343.741935483871
10.82842712474619,354.4725467387662,131,"(286, 275, 10, 19)",0,0.030547999342601728,2.126792118678052,2,128,-5.06463028408375,1.6213203435596428,2,5.966423136818688,WhatsApp Video 2026-09-26 at 8.34.13 PM.mp4,290.9618320610687,284.9465648854962
12.242640687119286,347.0044879856122,240,"(300, 234, 19, 27)",0,0.0352809289533653,2.9761500563794034,2,191,-3.315580392103829,3.121320343559643,2,8.903022024471635,WhatsApp Video 2026-09-26 at 8.34.13 PM.mp4,308.54583333333335,246.29166666666666
7.414213562373095,375.309965838421,22,"(308, 168, 4, 10)",0,0.01975490724263121,3.6882489992049186,2,254,-9.41310603699744,6.207106781186548,2,11.839620912124582,WhatsApp Video 2026-09-26 at 8.34.13 PM.mp4,309.54545454545456,172.4090909090909
19.242640687119284,381.84100660081947,88,"(298, 165, 7, 21)",4,0.050394379740455006,4.651154164823789,2,317,2.122496701964362,7.207106781186547,3,14.77621979977753,WhatsApp Video 2026-09-26 at 8.34.13 PM.mp4,301.02272727272725,174.48863636363637
20.071067811865476,341.3964139870089,59,"(308, 246, 8, 18)",4,0.05879109149819376,5.082994651528992,2,317,4.764289172494983,2.0,1,14.77621979977753,WhatsApp Video 2026-09-26 at 8.34.13 PM.mp4,312.0,254.08474576271186
108.38477631085024,365.265382425573,788,"(292, 172, 15, 105)",0,0.29672884846385594,11.25694577881975,2,338,92.00781356505523,24.621320343559645,3,15.755086095661847,WhatsApp Video 2026-09-26 at 8.34.13 PM.mp4,299.1269035532995,218.36928934010152
16.414213562373096,372.05286434194073,110,"(266, 385, 8, 23)",0,0.04411796047157258,3.8170247092718506,2,359,-0.26707131147017193,1.0,2,16.73395239154616,WhatsApp Video 2026-09-26 at 8.34.13 PM.mp4,269.77272727272725,397.94545454545454
23.31370849898476,523.3197628153447,177,"(119, 219, 26, 12)",4,0.04454964279117257,3.0978180283883376,2,401,-0.14974758561010404,3.207106781186548,3,18.691684983314794,WhatsApp Video 2026-09-26 at 8.34.13 PM.mp4,131.54237288135593,224.31073446327684
9.82842712474619,276.1746728867924,63,"(377, 241, 16, 6)",0,0.035587720705927986,2.7282650143154488,2,422,-2.554083090605836,2.707106781186548,3,19.67055127919911,WhatsApp Video 2026-09-26 at 8.34.13 PM.mp4,385.1111111111111,243.4920634920635
35.48528137423857,392.4366498341412,299,"(244, 273, 15, 40)",4,0.09042295460741501,3.833240759687058,2,422,17.89007333196566,9.207106781186546,2,19.67055127919911,WhatsApp Video 2026-09-26 at 8.34.13 PM.mp4,251.40802675585283,290.7056856187291
30.14213562373095,487.7165592543924,202,"(154, 233, 27, 17)",4,0.0618025676015828,2.9336778909991073,2,443,8.274977371897396,2.0,1,20.649417575083426,WhatsApp Video 2026-09-26 at 8.34.13 PM.mp4,164.11881188118812,241.02475247524754
25.31370849898476,343.0998863596105,178,"(301, 234, 28, 13)",0,0.07377941382485015,4.144998766793668,2,443,9.930553326477373,1.0,2,20.649417575083426,WhatsApp Video 2026-09-26 at 8.34.13 PM.mp4,314.685393258427,240.2078651685393
15.242640687119286,340.5824557636072,150,"(304, 238, 24, 11)",0,0.04475462675534572,2.822476033892531,2,485,-0.027643490573060703,1.0,2,22.60715016685206,WhatsApp Video 2026-09-26 at 8.34.13 PM.mp4,316.37333333333333,243.05333333333334
13.414213562373096,379.5890649675218,164,"(255, 316, 11, 21)",0,0.0353387776423982,2.133076051870649,2,485,-3.6049628359020716,6.914213562373096,3,22.60715016685206,WhatsApp Video 2026-09-26 at 8.34.13 PM.mp4,260.2256097560976,327.3231707317073
36.48528137423857,374.70400316451844,600,"(268, 233, 19, 46)",4,0.09737094097235799,3.0261154152046124,2,506,19.68513059133223,2.207106781186546,3,23.586016462736374,WhatsApp Video 2026-09-26 at 8.34.13 PM.mp4,276.865,255.94333333333333
10.242640687119286,343.45517922285904,89,"(333, 182, 8, 16)",4,0.02982235035819071,2.4565473096284074,2,527,-5.156444322337416,1.0,3,24.56488275862069,WhatsApp Video 2026-09-26 at 8.34.13 PM.mp4,336.4157303370786,189.68539325842696
8.82842712474619,327.90576993162324,75,"(312, 407, 10, 14)",0,0.026923671171102427,2.2737052355700396,2,527,-5.873487802534504,2.0,1,24.56488275862069,WhatsApp Video 2026-09-26 at 8.34.13 PM.mp4,317.08,414.5466666666667
10.414213562373096,186.50996650361705,93,"(460, 273, 17, 8)",0,0.05583730326910508,2.5953982116005463,2,548,2.051891480642304,2.0,1,25.543749054505007,WhatsApp Video 2026-09-26 at 8.34.13 PM.mp4,468.5698924731183,276.4193548387097
15.071067811865476,322.829835295691,97,"(313, 312, 10, 17)",2,0.04668424712995118,2.094556924244682,2,569,0.5967364346073225,2.0,1,26.522615350389323,WhatsApp Video 2026-09-26 at 8.34.13 PM.mp4,317.64948453608247,321.30927835051546
17.65685424949238,330.39525456829455,173,"(304, 364, 11, 25)",0,0.053441609724580987,2.7885841365098605,2,590,2.8433213066191403,8.121320343559642,3,27.501481646273636,WhatsApp Video 2026-09-26 at 8.34.13 PM.mp4,309.5664739884393,377.3699421965318
9.071067811865476,325.81590697032124,85,"(344, 199, 10, 14)",0,0.02784108331669566,2.177410982799691,2,632,-5.537146454176034,1.0,2,29.459214238042268,WhatsApp Video 2026-09-26 at 8.34.13 PM.mp4,347.9764705882353,205.68235294117648
37.72792206135786,346.4005571347853,434,"(299, 235, 21, 37)",5,0.10891414948468987,2.476073307299878,3,653,22.196778700201946,2.5355339059327378,2,30.438080533926584,WhatsApp Video 2026-09-26 at 8.34.13 PM.mp4,308.2165898617512,249.34101382488478
13.414213562373096,376.17360818461657,120,"(265, 273, 10, 19)",0,0.03565963499435541,2.226205948375136,2,695,-3.451828125675572,2.5,2,32.39581312569522,WhatsApp Video 2026-09-26 at 8.34.13 PM.mp4,269.25,282.9583333333333
20.48528137423857,182.15112666760047,154,"(451, 306, 23, 12)",4,0.11246310549383126,2.9748216556568825,2,737,12.318391329169168,2.707106781186548,2,34.353545717463845,WhatsApp Video 2026-09-26 at 8.34.13 PM.mp4,461.6038961038961,310.83116883116884
9.82842712474619,306.876328364912,22,"(185, 48, 3, 11)",0,0.032027322462809954,4.327584388560427,2,32,-8.047390044366127,1.0,2,1.4911450256410257,WhatsApp Video 2026-09-26 at 8.34.22 PM.mp4,185.8181818181818,53.45454545454545
8.414213562373096,227.03739556965203,23,"(240, 114, 4, 12)",0,0.03706091475045893,5.448693302625291,2,32,-4.810915255410862,2.0,1,1.4911450256410257,WhatsApp Video 2026-09-26 at 8.34.22 PM.mp4,241.08695652173913,119.65217391304348
10.82842712474619,207.51106216038366,22,"(292, 129, 6, 8)",2,0.052182409034063855,2.315721602029227,2,32,-1.259275525737726,2.0,1,1.4911450256410257,WhatsApp Video 2026-09-26 at 8.34.22 PM.mp4,293.6818181818182,132.5909090909091
8.242640687119286,177.08535540416352,36,"(365, 174, 7, 10)",2,0.04654614532244652,2.0036479980143342,2,32,-2.0727376719697137,2.0,1,1.4911450256410257,WhatsApp Video 2026-09-26 at 8.34.22 PM.mp4,368.02777777777777,178.58333333333334
13.414213562373096,154.0777962867629,41,"(316, 181, 5, 16)",0,0.08706130205423723,4.314152990195643,2,32,4.439045842799889,2.0,1,1.4911450256410257,WhatsApp Video 2026-09-26 at 8.34.22 PM.mp4,318.1707317073171,187.70731707317074
9.242640687119286,235.2565041853426,25,"(473, 185, 7, 10)",4,0.03928750331101425,3.869623952076843,2,32,-4.4612584668779345,2.0,1,1.4911450256410257,WhatsApp Video 2026-09-26 at 8.34.22 PM.mp4,476.0,189.32
28.899494936611667,173.46097129924954,65,"(186, 194, 9, 19)",5,0.16660517187324603,2.0133326527325814,3,32,18.795240152792502,2.0,1,1.4911450256410257,WhatsApp Video 2026-09-26 at 8.34.22 PM.mp4,189.13846153846154,203.0
8.82842712474619,137.0068973223496,28,"(322, 203, 8, 7)",0,0.06443782975374357,2.0789070769253404,2,32,0.847654347351039,2.0,1,1.4911450256410257,WhatsApp Video 2026-09-26 at 8.34.22 PM.mp4,326.57142857142856,206.67857142857142
7.0,113.08355670352053,29,"(329, 229, 5, 11)",0,0.06190113049196369,2.3408614217265686,2,32,0.4127829434229815,2.0,1,1.4911450256410257,WhatsApp Video 2026-09-26 at 8.34.22 PM.mp4,330.6896551724138,232.6551724137931
10.82842712474619,132.9111701848797,34,"(165, 302, 4, 13)",0,0.08147115934412305,4.098957564829056,2,32,3.0862340705707565,2.0,1,1.4911450256410257,WhatsApp Video 2026-09-26 at 8.34.22 PM.mp4,166.3235294117647,308.44117647058823
13.242640687119286,149.8273133471957,30,"(145, 304, 8, 10)",3,0.0883860251597253,2.230053550678225,2,32,4.5150673529226655,2.0,1,1.4911450256410257,WhatsApp Video 2026-09-26 at 8.34.22 PM.mp4,148.96666666666667,308.43333333333334
27.65685424949238,69.32543120912486,172,"(244, 380, 12, 26)",4,0.3989424049316564,3.233360225380293,3,32,23.618586651378468,2.0,1,1.4911450256410257,WhatsApp Video 2026-09-26 at 8.34.22 PM.mp4,250.97674418604652,393.3081395348837
7.82842712474619,108.68790016493352,26,"(301, 444, 4, 11)",0,0.07202666638021875,3.974103592801232,2,32,1.497260943910093,1.0,2,1.4911450256410257,WhatsApp Video 2026-09-26 at 8.34.22 PM.mp4,302.6923076923077,448.53846153846155
11.242640687119286,309.54183945592763,28,"(337, 29, 9, 11)",2,0.03632026192930861,4.161666977932496,2,53,-6.788444857299504,1.0,2,2.469708948717949,WhatsApp Video 2026-09-26 at 8.34.22 PM.mp4,341.0,33.92857142857143
16.65685424949238,257.3794757530783,37,"(207, 92, 6, 12)",4,0.06471710380462675,2.6818892831572154,3,53,1.6642724620401044,2.0,1,2.469708948717949,WhatsApp Video 2026-09-26 at 8.34.22 PM.mp4,208.48648648648648,97.83783783783784
9.071067811865476,244.09603878308593,20,"(283, 93, 7, 7)",2,0.03716188045118753,3.7283123359778574,2,53,-5.147742039777363,2.0,1,2.469708948717949,WhatsApp Video 2026-09-26 at 8.34.22 PM.mp4,285.5,96.2
12.414213562373096,242.76145929121145,51,"(218, 102, 6, 17)",0,0.051137497684429684,3.424473520216747,2,53,-1.7268558551296849,2.0,1,2.469708948717949,WhatsApp Video 2026-09-26 at 8.34.22 PM.mp4,220.45098039215685,109.19607843137256
19.899494936611667,226.56010662255932,64,"(262, 108, 13, 14)",4,0.08783318137187975,2.394959491537312,3,53,6.702168621550964,2.0,1,2.469708948717949,WhatsApp Video 2026-09-26 at 8.34.22 PM.mp4,268.09375,115.1875
11.242640687119286,224.72631202791788,24,"(296, 111, 4, 10)",2,0.050028145728314204,3.0447424000767906,2,53,-1.8478654731442816,2.0,1,2.469708948717949,WhatsApp Video 2026-09-26 at 8.34.22 PM.mp4,297.125,115.375
12.65685424949238,228.61261232504972,24,"(250, 112, 8, 9)",3,0.05536376195857648,3.4309378446253063,2,53,-0.6600323355695021,2.0,1,2.469708948717949,WhatsApp Video 2026-09-26 at 8.34.22 PM.mp4,253.625,115.33333333333333
10.82842712474619,203.119853606352,31,"(201, 154, 5, 11)",2,0.05331053037154986,2.904596227025481,2,53,-1.0034837490257384,1.414213562373095,2,2.469708948717949,WhatsApp Video 2026-09-26 at 8.34.22 PM.mp4,203.41935483870967,159.0
13.65685424949238,186.84920075208558,43,"(326, 154, 14, 6)",4,0.07309024707904695,3.3610088139783914,2,53,2.772723275182445,2.0,1,2.469708948717949,WhatsApp Video 2026-09-26 at 8.34.22 PM.mp4,333.5813953488372,157.1860465116279
8.0,216.84397238258276,36,"(158, 165, 5, 13)",0,0.03689288621721713,3.8325966638493507,2,53,-4.631352914017393,2.0,1,2.469708948717949,WhatsApp Video 2026-09-26 at 8.34.22 PM.mp4,160.25,170.52777777777777
11.65685424949238,243.98431065759866,35,"(101, 185, 7, 9)",5,0.047777064918946004,2.3562272810427394,2,53,-2.5554473401593825,2.0,1,2.469708948717949,WhatsApp Video 2026-09-26 at 8.34.22 PM.mp4,103.57142857142857,189.34285714285716
14.242640687119286,193.85191966584364,39,"(422, 192, 9, 11)",4,0.07347175468610442,3.085779162720155,2,53,2.9505951510834585,2.0,1,2.469708948717949,WhatsApp Video 2026-09-26 at 8.34.22 PM.mp4,426.1025641025641,196.92307692307693
8.82842712474619,231.1959177388229,29,"(476, 193, 5, 10)",0,0.038185912671345155,3.180587791758061,2,53,-4.638939282316416,2.0,1,2.469708948717949,WhatsApp Video 2026-09-26 at 8.34.22 PM.mp4,478.0,198.27586206896552
14.242640687119286,237.23435577049477,40,"(484, 194, 7, 14)",4,0.060036163990083706,2.228598242624749,2,53,0.4235299313924692,2.0,1,2.469708948717949,WhatsApp Video 2026-09-26 at 8.34.22 PM.mp4,486.55,199.575
31.556349186104047,173.36929870349903,97,"(173, 200, 18, 19)",5,0.18201809329616422,2.7205412358068415,3,53,21.457434411955177,2.0,1,2.469708948717949,WhatsApp Video 2026-09-26 at 8.34.22 PM.mp4,180.37113402061857,210.39175257731958
18.48528137423857,195.9840414561714,42,"(141, 209, 7, 14)",4,0.09432033974241978,2.4612402219237923,3,53,7.069037860765858,2.0,1,2.469708948717949,WhatsApp Video 2026-09-26 at 8.34.22 PM.mp4,144.4047619047619,215.16666666666666
16.071067811865476,186.16759415286415,43,"(144, 218, 10, 12)",4,0.08632580705033635,2.1206589104025566,2,53,5.226641023974423,2.0,1,2.469708948717949,WhatsApp Video 2026-09-26 at 8.34.22 PM.mp4,149.3953488372093,224.6046511627907
10.414213562373096,235.90357791132186,38,"(512, 246, 6, 14)",0,0.044146060244528745,3.208180735066371,2,53,-3.32737820767624,2.82842712474619,3,2.469708948717949,WhatsApp Video 2026-09-26 at 8.34.22 PM.mp4,514.1842105263158,251.8421052631579
27.48528137423857,186.33190230658798,62,"(118, 251, 19, 13)",5,0.14750711517459134,2.5998820461085006,3,53,16.631283491271496,2.0,1,2.469708948717949,WhatsApp Video 2026-09-26 at 8.34.22 PM.mp4,127.83870967741936,258.61290322580646
11.65685424949238,191.6168068535997,26,"(100, 318, 10, 5)",4,0.06083419529268392,2.7411544069863987,2,53,0.49500600888463886,1.914213562373095,2,2.469708948717949,WhatsApp Video 2026-09-26 at 8.34.22 PM.mp4,104.84615384615384,320.03846153846155
12.82842712474619,107.40735900754521,114,"(272, 435, 10, 20)",0,0.11943713394763772,2.5604063050556354,2,53,6.571853597338145,2.0,1,2.469708948717949,WhatsApp Video 2026-09-26 at 8.34.22 PM.mp4,276.64912280701753,445.85087719298247
12.071067811865476,147.73583356981192,32,"(219, 464, 6, 10)",4,0.0817071086965597,2.7198673343533275,2,53,3.4653250219555787,2.0,1,2.469708948717949,WhatsApp Video 2026-09-26 at 8.34.22 PM.mp4,221.53125,468.03125
9.82842712474619,141.7053380253823,48,"(246, 467, 5, 13)",0,0.06935819963949219,3.0523081573502706,2,53,1.573966026603614,1.707106781186548,2,2.469708948717949,WhatsApp Video 2026-09-26 at 8.34.22 PM.mp4,247.625,473.5
7.82842712474619,215.88378761419898,29,"(247, 124, 6, 10)",0,0.03626222798506849,3.1408652924337472,2,74,-4.7469941784504925,2.0,1,3.448272871794872,WhatsApp Video 2026-09-26 at 8.34.22 PM.mp4,249.55172413793105,129.13793103448276
16.071067811865476,208.6739304386264,67,"(276, 126, 17, 11)",4,0.0770152159308284,3.13559326254198,2,74,3.9156270570957545,2.0,1,3.448272871794872,WhatsApp Video 2026-09-26 at 8.34.22 PM.mp4,283.23880597014926,131.77611940298507
7.414213562373095,218.42927620981382,28,"(435, 173, 11, 6)",0,0.03394331424351431,3.333201421395933,2,74,-5.3094846997657035,2.4142135623730954,2,3.448272871794872,WhatsApp Video 2026-09-26 at 8.34.22 PM.mp4,439.82142857142856,176.21428571428572
7.242640687119286,245.36825383496395,22,"(106, 179, 6, 7)",2,0.029517431753786395,2.1077028475162276,2,74,-7.050276814951777,2.0,1,3.448272871794872,WhatsApp Video 2026-09-26 at 8.34.22 PM.mp4,107.95454545454545,181.77272727272728
8.0,168.64369132057573,24,"(209, 189, 5, 11)",0,0.047437291827257005,3.590155828336491,2,74,-1.8236439703034364,2.0,1,3.448272871794872,WhatsApp Video 2026-09-26 at 8.34.22 PM.mp4,211.16666666666666,194.0
9.242640687119286,179.23140497953074,23,"(404, 195, 6, 10)",0,0.05156819859876035,3.0320666346506524,2,74,-1.1977469551865596,2.0,1,3.448272871794872,WhatsApp Video 2026-09-26 at 8.34.22 PM.mp4,405.82608695652175,198.91304347826087
18.071067811865476,187.7944392261406,34,"(423, 201, 8, 13)",5,0.0962279175375605,2.4921022600702507,2,74,7.13187586158047,2.0,1,3.448272871794872,WhatsApp Video 2026-09-26 at 8.34.22 PM.mp4,426.79411764705884,205.91176470588235
21.071067811865476,158.80047371658185,122,"(378, 205, 23, 11)",0,0.13268894807878176,2.3427939467993517,2,74,11.820799960802981,2.0,1,3.448272871794872,WhatsApp Video 2026-09-26 at 8.34.22 PM.mp4,386.94262295081967,210.327868852459
15.242640687119286,201.16937620791484,49,"(453, 214, 9, 14)",1,0.07577018418233569,2.0406516871320686,3,74,3.524346844523148,2.0,1,3.448272871794872,WhatsApp Video 2026-09-26 at 8.34.22 PM.mp4,456.265306122449,219.28571428571428
9.242640687119286,161.85151122072966,25,"(406, 222, 8, 6)",2,0.05710568049324154,2.229264049693147,2,74,-0.1853527933224708,2.0,1,3.448272871794872,WhatsApp Video 2026-09-26 at 8.34.22 PM.mp4,408.88,224.68
7.82842712474619,201.17883247313935,33,"(124, 224, 8, 11)",0,0.03891277739566071,2.9927458984239435,2,74,-3.890417553651316,2.0,1,3.448272871794872,WhatsApp Video 2026-09-26 at 8.34.22 PM.mp4,127.9090909090909,228.66666666666666
12.82842712474619,200.19619735921574,52,"(458, 225, 12, 13)",0,0.06407927470134663,2.5963697988935714,2,74,1.1668218096258691,2.0,1,3.448272871794872,WhatsApp Video 2026-09-26 at 8.34.22 PM.mp4,462.65384615384613,230.05769230769232
21.48528137423857,230.00395563988008,46,"(494, 228, 10, 14)",5,0.09341266029301831,3.4162182035802426,2,74,8.087347812214038,2.6213203435596437,2,3.448272871794872,WhatsApp Video 2026-09-26 at 8.34.22 PM.mp4,499.10869565217394,233.2826086956522
14.242640687119286,210.77927257982094,36,"(486, 252, 10, 9)",2,0.06757135325877774,2.05636759744864,2,74,1.9645618931272324,2.0,1,3.448272871794872,WhatsApp Video 2026-09-26 at 8.34.22 PM.mp4,489.0,256.72222222222223
13.242640687119286,201.05724314937234,22,"(97, 293, 6, 9)",4,0.06586502669431746,3.1445057841737762,2,74,1.5308786942223396,2.0,1,3.448272871794872,WhatsApp Video 2026-09-26 at 8.34.22 PM.mp4,99.13636363636364,296.5
11.242640687119286,185.8833206399106,31,"(106, 308, 12, 7)",4,0.06048224578954182,3.9574335034175783,2,74,0.41477308243618793,1.5,2,3.448272871794872,WhatsApp Video 2026-09-26 at 8.34.22 PM.mp4,111.83870967741936,310.8709677419355
16.48528137423857,218.43334926527382,25,"(504, 390, 9, 10)",4,0.07547053336722047,3.9225671050429503,2,74,3.7613458530217905,2.0,1,3.448272871794872,WhatsApp Video 2026-09-26 at 8.34.22 PM.mp4,507.28,393.24
7.242640687119286,107.28785663033348,44,"(320, 440, 12, 7)",0,0.067506621108801,2.4018524481421406,2,74,0.9930282787317051,3.621320343559643,2,3.448272871794872,WhatsApp Video 2026-09-26 at 8.34.22 PM.mp4,325.29545454545456,443.1363636363636
9.65685424949238,140.73024386688155,68,"(250, 469, 11, 11)",2,0.06861960857985093,2.2730636950271825,2,74,1.4591932473132232,2.0,1,3.448272871794872,WhatsApp Video 2026-09-26 at 8.34.22 PM.mp4,254.41176470588235,474.72058823529414
14.82842712474619,306.90333567656734,39,"(182, 47, 7, 15)",0,0.04831627877897441,2.3641388781370876,2,95,-3.048963244123671,2.085786437626905,2,4.426836794871795,WhatsApp Video 2026-09-26 at 8.34.22 PM.mp4,185.25641025641025,53.64102564102564
15.485281374238571,285.33724618847185,55,"(286, 49, 8, 13)",4,0.0542701017167951,2.392423878465705,2,95,-1.1358652341692839,1.9142135623730958,2,4.426836794871795,WhatsApp Video 2026-09-26 at 8.34.22 PM.mp4,289.5272727272727,54.81818181818182
13.071067811865476,264.7958247004963,35,"(209, 83, 7, 12)",4,0.049362816904873104,3.325455037922476,2,95,-2.3535228521031346,2.0,1,4.426836794871795,WhatsApp Video 2026-09-26 at 8.34.22 PM.mp4,212.62857142857143,88.57142857142857
9.242640687119286,247.20471427241444,43,"(352, 95, 7, 11)",2,0.037388610141690454,2.3644465563026125,2,95,-5.157252257447089,2.0,1,4.426836794871795,WhatsApp Video 2026-09-26 at 8.34.22 PM.mp4,354.74418604651163,100.11627906976744
12.071067811865476,207.25592017769557,49,"(187, 153, 10, 13)",0,0.058242330552083006,2.6967049776295684,2,95,-0.0017725927782414885,2.0,1,4.426836794871795,WhatsApp Video 2026-09-26 at 8.34.22 PM.mp4,191.87755102040816,160.55102040816325
16.65685424949238,218.59831104381067,41,"(157, 164, 7, 12)",4,0.07619845812145398,2.538116819619252,3,95,3.923309558976916,3.207106781186547,2,4.426836794871795,WhatsApp Video 2026-09-26 at 8.34.22 PM.mp4,159.53658536585365,168.85365853658536
9.242640687119286,241.53768843090646,21,"(103, 187, 6, 8)",2,0.03826583233102029,2.606598496535387,2,95,-4.82714299690168,1.207106781186547,2,4.426836794871795,WhatsApp Video 2026-09-26 at 8.34.22 PM.mp4,105.38095238095238,191.0
15.242640687119286,241.00327077933088,29,"(489, 197, 10, 7)",4,0.06324661336681965,2.1484979772817847,2,95,1.2039873033153903,2.0,1,4.426836794871795,WhatsApp Video 2026-09-26 at 8.34.22 PM.mp4,492.3448275862069,201.17241379310346
24.48528137423857,244.19679784677723,56,"(513, 229, 10, 18)",5,0.10026864230055142,4.006950243492052,2,95,10.26060221814246,3.6213203435596437,2,4.426836794871795,WhatsApp Video 2026-09-26 at 8.34.22 PM.mp4,516.9107142857143,237.28571428571428
10.82842712474619,193.47222106032925,19,"(104, 293, 6, 10)",3,0.05596889861190785,3.41848464138868,2,95,-0.4415006321578723,2.0,1,4.426836794871795,WhatsApp Video 2026-09-26 at 8.34.22 PM.mp4,106.52631578947368,298.2105263157895
10.65685424949238,39.514640656506785,32,"(313, 302, 6, 10)",4,0.26969381658131164,2.302038217850548,2,95,8.355091530802175,2.0,1,4.426836794871795,WhatsApp Video 2026-09-26 at 8.34.22 PM.mp4,315.4375,306.03125
8.414213562373096,86.47264145002293,31,"(206, 325, 8, 8)",2,0.09730492120141965,2.31289809463286,2,95,3.3771058228256123,2.0,1,4.426836794871795,WhatsApp Video 2026-09-26 at 8.34.22 PM.mp4,209.7741935483871,328.0967741935484
9.82842712474619,73.54210121824993,71,"(300, 405, 7, 15)",0,0.13364354515216387,2.3814675330549218,2,95,5.544534774318483,2.0,1,4.426836794871795,WhatsApp Video 2026-09-26 at 8.34.22 PM.mp4,302.3380281690141,413.3098591549296
9.82842712474619,246.64105923458385,24,"(83, 461, 4, 12)",0,0.03984911172230343,5.011592744575947,2,95,-4.538632416030476,2.414213562373095,2,4.426836794871795,WhatsApp Video 2026-09-26 at 8.34.22 PM.mp4,84.375,467.75
7.82842712474619,226.46423503184218,21,"(106, 462, 4, 10)",0,0.03456805055175917,4.605015036082545,2,95,-5.36331458547874,3.207106781186548,2,4.426836794871795,WhatsApp Video 2026-09-26 at 8.34.22 PM.mp4,107.61904761904762,466.6666666666667
12.071067811865476,302.40501267837186,36,"(186, 51, 11, 10)",4,0.039916890612867816,4.269971148798103,2,116,-5.544291269313348,1.207106781186548,2,5.4054007179487185,WhatsApp Video 2026-09-26 at 8.34.22 PM.mp4,191.25,56.19444444444444
12.65685424949238,280.0749439026568,27,"(251, 58, 6, 11)",2,0.04519095522479659,2.932438689561106,2,116,-3.6577586029524767,2.207106781186548,2,5.4054007179487185,WhatsApp Video 2026-09-26 at 8.34.22 PM.mp4,253.66666666666666,63.148148148148145
14.65685424949238,261.51092186995567,25,"(310, 74, 6, 9)",5,0.05604681496546041,2.2381273734709524,2,116,-0.5763879232781122,2.207106781186547,2,5.4054007179487185,WhatsApp Video 2026-09-26 at 8.34.22 PM.mp4,312.76,79.16
7.414213562373095,263.58212427945125,25,"(251, 76, 4, 10)",0,0.028128666094641926,2.673107455584668,2,116,-7.9396779800950865,2.0,1,5.4054007179487185,WhatsApp Video 2026-09-26 at 8.34.22 PM.mp4,252.92,79.96
18.071067811865476,256.13231637404016,80,"(292, 76, 9, 17)",4,0.0705536422255893,2.4517165480513117,2,116,3.151134159768622,1.1213203435596428,2,5.4054007179487185,WhatsApp Video 2026-09-26 at 8.34.22 PM.mp4,295.5625,83.9625
18.242640687119284,252.37237301149224,54,"(266, 78, 8, 21)",0,0.07228461843677546,4.8112079534047165,2,116,3.5417270567792105,2.0,1,5.4054007179487185,WhatsApp Video 2026-09-26 at 8.34.22 PM.mp4,268.7962962962963,89.12962962962963
11.242640687119286,243.67665979587724,59,"(302, 93, 14, 8)",0,0.046137536096140706,2.3647339425435385,2,116,-2.9517399681112586,2.0,1,5.4054007179487185,WhatsApp Video 2026-09-26 at 8.34.22 PM.mp4,307.7118644067797,96.72881355932203
8.242640687119286,243.966802047189,32,"(252, 96, 8, 9)",0,0.03378591110738486,2.2793066650397806,2,116,-5.968641010512014,2.0,1,5.4054007179487185,WhatsApp Video 2026-09-26 at 8.34.22 PM.mp4,256.3125,99.28125
11.82842712474619,239.02190723354866,29,"(226, 106, 10, 7)",2,0.049486790820343574,2.2438712441205673,2,116,-2.0948100825195457,2.0,1,5.4054007179487185,WhatsApp Video 2026-09-26 at 8.34.22 PM.mp4,229.9655172413793,110.20689655172414
15.242640687119286,215.50949110265017,26,"(227, 130, 6, 10)",5,0.0707283962721577,2.239341896989494,3,116,2.6890224863095913,2.0,1,5.4054007179487185,WhatsApp Video 2026-09-26 at 8.34.22 PM.mp4,230.30769230769232,134.65384615384616
10.242640687119286,200.33271807447878,48,"(314, 135, 8, 11)",4,0.05112814714225224,2.502960433354719,2,116,-1.4269170802440652,1.0,2,5.4054007179487185,WhatsApp Video 2026-09-26 at 8.34.22 PM.mp4,317.2708333333333,140.95833333333334
7.82842712474619,197.45129226779636,32,"(303, 139, 7, 9)",2,0.03964738358930953,2.2880321972482798,2,116,-3.6732850444211085,2.0,1,5.4054007179487185,WhatsApp Video 2026-09-26 at 8.34.22 PM.mp4,305.59375,142.90625
22.899494936611667,193.62675210423717,95,"(235, 142, 13, 22)",0,0.11826617286997582,3.899412602349284,2,116,11.620565609913779,5.828427124746191,2,5.4054007179487185,WhatsApp Video 2026-09-26 at 8.34.22 PM.mp4,240.9157894736842,154.29473684210527
7.82842712474619,195.50751183495473,38,"(337, 145, 6, 11)",0,0.0400415669519382,2.440290863668686,2,116,-3.5600581174062054,2.0,1,5.4054007179487185,WhatsApp Video 2026-09-26 at 8.34.22 PM.mp4,339.42105263157896,149.60526315789474
12.65685424949238,188.51839123070212,46,"(286, 146, 7, 12)",4,0.067138564926556,2.0659952403239132,3,116,1.675491455526771,2.0,1,5.4054007179487185,WhatsApp Video 2026-09-26 at 8.34.22 PM.mp4,290.0652173913044,151.65217391304347
14.242640687119286,189.03342800476602,57,"(226, 154, 9, 15)",0,0.07534456121041297,2.0880718605693884,2,116,3.2312765461694024,2.0,1,5.4054007179487185,WhatsApp Video 2026-09-26 at 8.34.22 PM.mp4,229.57894736842104,162.89473684210526
23.071067811865476,148.1480792446779,60,"(273, 181, 9, 24)",2,0.15572978015976732,6.9860458905849505,2,116,14.441311347287591,2.0,1,5.4054007179487185,WhatsApp Video 2026-09-26 at 8.34.22 PM.mp4,276.56666666666666,193.15
16.242640687119284,203.42572249386973,27,"(428, 183, 5, 12)",4,0.079845559784647,3.271746217012421,2,116,4.392912680497393,2.0,1,5.4054007179487185,WhatsApp Video 2026-09-26 at 8.34.22 PM.mp4,430.6666666666667,188.14814814814815
17.242640687119284,192.3439707321735,49,"(171, 184, 17, 8)",0,0.08964482027423955,3.213290791458195,2,116,6.038434508332909,1.0,2,5.4054007179487185,WhatsApp Video 2026-09-26 at 8.34.22 PM.mp4,178.83673469387756,187.10204081632654
10.242640687119286,191.96173148546632,31,"(156, 201, 7, 9)",4,0.05335772191602038,2.345652286025477,2,116,-0.9392997179418785,1.0,2,5.4054007179487185,WhatsApp Video 2026-09-26 at 8.34.22 PM.mp4,159.16129032258064,204.8709677419355
7.82842712474619,184.22670482870964,27,"(167, 201, 5, 10)",0,0.042493443781806264,2.564592534104125,2,116,-2.902941145764494,1.0,2,5.4054007179487185,WhatsApp Video 2026-09-26 at 8.34.22 PM.mp4,168.88888888888889,206.1851851851852
15.071067811865476,220.50881914927365,53,"(481, 221, 9, 14)",5,0.06834678027849354,3.5252265377312026,2,116,2.2262343367919772,1.0,2,5.4054007179487185,WhatsApp Video 2026-09-26 at 8.34.22 PM.mp4,485.0566037735849,227.58490566037736
14.242640687119286,114.38910241680641,31,"(285, 222, 13, 8)",4,0.1245104680970616,2.9980923760804616,3,116,7.579374439648451,2.0,1,5.4054007179487185,WhatsApp Video 2026-09-26 at 8.34.22 PM.mp4,291.4516129032258,225.7741935483871
8.242640687119286,181.6650258440192,21,"(438, 226, 5, 10)",0,0.04537274386648624,3.9561798861290667,2,116,-2.339507519985819,2.0,1,5.4054007179487185,WhatsApp Video 2026-09-26 at 8.34.22 PM.mp4,440.0952380952381,230.23809523809524
18.899494936611667,190.60026035350174,76,"(451, 230, 11, 17)",2,0.09915776033862297,3.1225547959641484,2,116,7.796861427477266,4.828427124746191,2,5.4054007179487185,WhatsApp Video 2026-09-26 at 8.34.22 PM.mp4,456.11842105263156,237.6184210526316
13.65685424949238,249.60060271822948,38,"(524, 246, 13, 10)",4,0.05471482881357224,3.9802665627682545,2,116,-0.8826013131591868,2.0,1,5.4054007179487185,WhatsApp Video 2026-09-26 at 8.34.22 PM.mp4,528.4473684210526,250.68421052631578
7.82842712474619,176.58233234014025,27,"(126, 276, 8, 6)",4,0.04433301463969083,2.0705528732713594,2,116,-2.457649696579251,2.0,1,5.4054007179487185,WhatsApp Video 2026-09-26 at 8.34.22 PM.mp4,129.92592592592592,278.48148148148147
12.242640687119286,150.74257075649226,25,"(147, 295, 6, 10)",2,0.08121554930156989,2.65350852862658,2,116,3.4617528004499007,2.0,1,5.4054007179487185,WhatsApp Video 2026-09-26 at 8.34.22 PM.mp4,150.12,299.92
11.65685424949238,135.6850420541667,34,"(422, 306, 11, 7)",0,0.08591112235377321,2.433565977384421,2,116,3.7530807089688567,2.0,1,5.4054007179487185,WhatsApp Video 2026-09-26 at 8.34.22 PM.mp4,427.47058823529414,308.94117647058823
15.071067811865476,40.702926024046896,30,"(255, 318, 9, 10)",4,0.37026988681260004,3.3933404742093263,2,116,12.700086420988802,1.0,2,5.4054007179487185,WhatsApp Video 2026-09-26 at 8.34.22 PM.mp4,258.53333333333336,322.8666666666667
18.65685424949238,108.81360658152367,49,"(182, 320, 14, 8)",4,0.17145699729669905,2.1315889119590326,3,116,12.318365558862443,2.0,1,5.4054007179487185,WhatsApp Video 2026-09-26 at 8.34.22 PM.mp4,188.0204081632653,322.55102040816325
20.48528137423857,271.06816240548943,48,"(261, 63, 9, 16)",3,0.07557243607087559,2.3026308265238353,3,137,4.695321499047978,2.0,1,6.383964641025641,WhatsApp Video 2026-09-26 at 8.34.22 PM.mp4,266.2083333333333,70.60416666666667
10.242640687119286,267.74208527625103,42,"(276, 71, 11, 5)",4,0.0382556245371404,2.3776486187238155,2,137,-5.353572257607739,2.0,1,6.383964641025641,WhatsApp Video 2026-09-26 at 8.34.22 PM.mp4,281.5,72.71428571428571
12.82842712474619,262.781486474285,46,"(237, 81, 16, 4)",0,0.04881784975366422,5.105836468213377,2,137,-2.4788265584250926,2.0,1,6.383964641025641,WhatsApp Video 2026-09-26 at 8.34.22 PM.mp4,244.0,82.3913043478261
19.82842712474619,247.77878269152345,80,"(301, 91, 23, 6)",0,0.08002471765079232,4.819108462649726,2,137,5.395094187733246,2.0,1,6.383964641025641,WhatsApp Video 2026-09-26 at 8.34.22 PM.mp4,312.4125,92.9
7.82842712474619,243.54089191494802,21,"(248, 97, 5, 9)",0,0.032144199946020226,4.0215163298419565,2,137,-6.358044931506193,2.0,1,6.383964641025641,WhatsApp Video 2026-09-26 at 8.34.22 PM.mp4,250.33333333333334,100.76190476190476
9.242640687119286,201.9825631878565,41,"(183, 166, 12, 6)",0,0.04575959697334392,3.203692257439808,2,137,-2.5230220152882037,2.0,1,6.383964641025641,WhatsApp Video 2026-09-26 at 8.34.22 PM.mp4,188.8048780487805,168.53658536585365
20.65685424949238,206.80313332940852,100,"(414, 175, 21, 9)",3,0.09988656321076574,3.1046635831261953,3,137,8.61038907867554,2.0,1,6.383964641025641,WhatsApp Video 2026-09-26 at 8.34.22 PM.mp4,425.57,179.39
12.242640687119286,247.96838199144486,20,"(490, 186, 6, 9)",4,0.049371781147249924,3.0909533212066065,2,137,-2.2017365765735484,1.0,2,6.383964641025641,WhatsApp Video 2026-09-26 at 8.34.22 PM.mp4,492.45,189.55
11.65685424949238,178.15233699372342,25,"(151, 227, 10, 7)",2,0.06543194687310258,3.7721180557835554,2,137,1.2793232704231876,2.0,1,6.383964641025641,WhatsApp Video 2026-09-26 at 8.34.22 PM.mp4,155.16,230.24
11.242640687119286,159.12266608872895,25,"(173, 230, 12, 4)",0,0.07065392356391413,3.2424111139173872,2,137,1.9736048458098043,2.0,1,6.383964641025641,WhatsApp Video 2026-09-26 at 8.34.22 PM.mp4,179.16,231.44
9.65685424949238,167.70249054134686,28,"(145, 256, 9, 5)",4,0.05758324887316741,2.589935267688415,2,137,-0.1119639441258169,2.0,1,6.383964641025641,WhatsApp Video 2026-09-26 at 8.34.22 PM.mp4,149.03571428571428,258.25
17.65685424949238,241.19258214741225,33,"(525, 293, 16, 4)",4,0.07320645640213284,6.12515235767329,2,137,3.6071733112925877,10.03553390593274,2,6.383964641025641,WhatsApp Video 2026-09-26 at 8.34.22 PM.mp4,532.1515151515151,293.969696969697
15.242640687119286,103.33444438860684,33,"(192, 300, 15, 5)",4,0.14750783997828187,4.67230801154773,2,137,9.223318033577833,2.0,1,6.383964641025641,WhatsApp Video 2026-09-26 at 8.34.22 PM.mp4,199.15151515151516,302.5151515151515
20.48528137423857,46.98841900204954,124,"(303, 374, 10, 20)",4,0.4359644739982642,2.1208133623259324,2,137,17.748164465867998,2.0,1,6.383964641025641,WhatsApp Video 2026-09-26 at 8.34.22 PM.mp4,307.7741935483871,385.4274193548387
9.242640687119286,217.45924235599253,27,"(282, 117, 5, 11)",0,0.04250286438498937,3.911168567018674,2,158,-3.424552246273077,1.085786437626905,2,7.362528564102564,WhatsApp Video 2026-09-26 at 8.34.22 PM.mp4,283.48148148148147,122.96296296296296
9.414213562373096,151.12996290906213,35,"(348, 193, 6, 13)",0,0.06229217146065081,3.43301592782638,2,158,0.6107597406608054,2.0,1,7.362528564102564,WhatsApp Video 2026-09-26 at 8.34.22 PM.mp4,350.22857142857146,199.25714285714287
12.65685424949238,136.41606935919995,25,"(356, 216, 9, 9)",4,0.09278125596893835,3.8640953753617815,2,158,4.71049772278667,2.0,1,7.362528564102564,WhatsApp Video 2026-09-26 at 8.34.22 PM.mp4,360.04,219.96
8.414213562373096,210.80501580069554,22,"(470, 220, 4, 11)",0,0.039914674375339666,3.981608890573854,2,158,-3.8653647969720435,2.0,1,7.362528564102564,WhatsApp Video 2026-09-26 at 8.34.22 PM.mp4,471.6363636363636,224.4090909090909
8.82842712474619,98.94522219702843,25,"(308, 238, 6, 10)",2,0.08922540097152189,3.665226261883233,2,158,3.064780540549412,2.0,1,7.362528564102564,WhatsApp Video 2026-09-26 at 8.34.22 PM.mp4,310.84,242.36
7.242640687119286,156.47822957056664,19,"(420, 244, 4, 8)",0,0.046285292893431466,2.3712558164243918,2,158,-1.8723543913660858,2.0,1,7.362528564102564,WhatsApp Video 2026-09-26 at 8.34.22 PM.mp4,421.10526315789474,246.89473684210526
12.242640687119286,278.57218697931705,42,"(25, 252, 14, 6)",0,0.04394782128062288,3.8182235011745993,2,158,-3.9844352472635958,1.0,2,7.362528564102564,WhatsApp Video 2026-09-26 at 8.34.22 PM.mp4,30.476190476190474,254.0
8.82842712474619,210.61485877056398,38,"(488, 253, 6, 13)",0,0.0419173992579676,2.880946566183528,2,158,-3.440074419641716,7.328427124746191,2,7.362528564102564,WhatsApp Video 2026-09-26 at 8.34.22 PM.mp4,490.1578947368421,259.89473684210526
13.65685424949238,223.99940623828573,33,"(503, 266, 9, 9)",4,0.060968260937997815,2.632303913947786,2,158,0.6086909934986462,1.207106781186547,2,7.362528564102564,WhatsApp Video 2026-09-26 at 8.34.22 PM.mp4,507.90909090909093,269.24242424242425
7.82842712474619,183.9269189917543,30,"(113, 296, 7, 9)",0,0.04256270462018205,2.0015814677600474,2,158,-2.885478355982512,2.0,1,7.362528564102564,WhatsApp Video 2026-09-26 at 8.34.22 PM.mp4,115.96666666666667,299.73333333333335
18.071067811865476,233.3229422254669,42,"(233, 107, 7, 15)",4,0.07745088262431932,4.074805151147598,2,179,4.479800349807647,2.0,1,8.341092487179488,WhatsApp Video 2026-09-26 at 8.34.22 PM.mp4,235.85714285714286,114.5
24.071067811865476,224.4031044294536,44,"(215, 121, 6, 19)",4,0.1072670891655725,5.099442901992206,3,179,10.999388779678547,2.0,1,8.341092487179488,WhatsApp Video 2026-09-26 at 8.34.22 PM.mp4,217.47727272727272,129.6590909090909
14.242640687119286,223.41875611022786,34,"(224, 122, 7, 11)",4,0.06374863478378874,2.208843565987524,2,179,1.2283008139315452,2.0,1,8.341092487179488,WhatsApp Video 2026-09-26 at 8.34.22 PM.mp4,227.35294117647058,127.29411764705883
9.82842712474619,238.13456452709482,27,"(175, 129, 5, 9)",4,0.04127257689056692,2.4217690432723575,2,179,-4.043121586142425,2.0,1,8.341092487179488,WhatsApp Video 2026-09-26 at 8.34.22 PM.mp4,176.8148148148148,133.59259259259258
14.071067811865476,203.87188989661038,39,"(269, 132, 10, 11)",2,0.06901916600175405,2.42485114269375,2,179,2.1953501599662655,2.0,1,8.341092487179488,WhatsApp Video 2026-09-26 at 8.34.22 PM.mp4,272.5128205128205,137.51282051282053
11.82842712474619,197.23184469816067,51,"(223, 149, 6, 13)",2,0.05997219740477588,2.7492216347473497,2,179,0.33949797033247364,1.0,2,8.341092487179488,WhatsApp Video 2026-09-26 at 8.34.22 PM.mp4,225.19607843137254,155.7843137254902
15.242640687119286,180.56073939783926,24,"(291, 153, 6, 12)",3,0.08441835549606579,4.121774646835499,2,179,4.724818140841197,2.0,1,8.341092487179488,WhatsApp Video 2026-09-26 at 8.34.22 PM.mp4,293.75,159.54166666666666
17.65685424949238,182.23772111599592,51,"(233, 160, 6, 19)",0,0.09688912998562814,3.7260313879347766,2,179,7.041346036973962,2.0,1,8.341092487179488,WhatsApp Video 2026-09-26 at 8.34.22 PM.mp4,235.68627450980392,167.92156862745097
11.0,207.62169837612294,32,"(173, 163, 4, 15)",0,0.052980974946427034,5.8580577810500465,2,179,-1.0941473077677646,2.0,1,8.341092487179488,WhatsApp Video 2026-09-26 at 8.34.22 PM.mp4,174.9375,171.0
23.071067811865476,163.7379213200839,61,"(312, 171, 9, 15)",4,0.1409024105464542,2.689014889865203,2,179,13.53318927700556,2.0,1,8.341092487179488,WhatsApp Video 2026-09-26 at 8.34.22 PM.mp4,314.655737704918,177.49180327868854
10.82842712474619,168.3773062974252,38,"(343, 175, 6, 11)",2,0.06431049030810974,2.0378537049944714,2,179,1.0203003173200607,2.0,1,8.341092487179488,WhatsApp Video 2026-09-26 at 8.34.22 PM.mp4,346.3421052631579,179.60526315789474
11.82842712474619,170.70617564958425,27,"(366, 185, 11, 5)",4,0.06929114942523755,3.503382957637724,2,179,1.8846416206334897,2.0,1,8.341092487179488,WhatsApp Video 2026-09-26 at 8.34.22 PM.mp4,370.9259259259259,187.0
11.65685424949238,222.05582438106646,42,"(459, 190, 10, 11)",0,0.05249515198254038,2.2243551838703155,2,179,-1.2780936466918416,2.0,1,8.341092487179488,WhatsApp Video 2026-09-26 at 8.34.22 PM.mp4,463.54761904761904,195.04761904761904
11.071067811865476,181.42551112815082,27,"(407, 195, 7, 10)",2,0.06102266292663423,2.137917537882962,2,179,0.5028715485058779,2.0,1,8.341092487179488,WhatsApp Video 2026-09-26 at 8.34.22 PM.mp4,409.962962962963,199.40740740740742
14.242640687119286,225.13436093399767,34,"(476, 201, 4, 15)",0,0.063262847252778,4.457165118820063,2,179,1.1283653176762307,2.0,1,8.341092487179488,WhatsApp Video 2026-09-26 at 8.34.22 PM.mp4,477.6764705882353,207.94117647058823
14.071067811865476,160.35499695156372,33,"(192, 211, 5, 12)",5,0.0877494813343156,3.165906739119727,2,179,4.730247609366382,2.621320343559643,2,8.341092487179488,WhatsApp Video 2026-09-26 at 8.34.22 PM.mp4,193.66666666666666,216.15151515151516
8.414213562373096,174.107031055587,20,"(171, 212, 5, 7)",2,0.04832782175055698,2.054804667656325,2,179,-1.7276747728709836,2.0,1,8.341092487179488,WhatsApp Video 2026-09-26 at 8.34.22 PM.mp4,173.85,215.45
12.242640687119286,237.38190862414424,28,"(497, 215, 8, 8)",4,0.051573604568592134,2.453251064427187,2,179,-1.5850651526554689,2.0,1,8.341092487179488,WhatsApp Video 2026-09-26 at 8.34.22 PM.mp4,499.85714285714283,219.46428571428572
7.82842712474619,146.39045333733074,26,"(207, 218, 8, 7)",2,0.053476350037027165,2.495281697365138,2,179,-0.6989460783437895,2.0,1,8.341092487179488,WhatsApp Video 2026-09-26 at 8.34.22 PM.mp4,209.96153846153845,221.23076923076923
9.242640687119286,115.79093637513274,25,"(303, 222, 10, 7)",0,0.07982179759886832,2.5522734535170857,2,179,2.497716373436525,2.0,1,8.341092487179488,WhatsApp Video 2026-09-26 at 8.34.22 PM.mp4,307.72,224.96
13.82842712474619,169.4867692973846,45,"(419, 222, 9, 14)",2,0.08159000954512607,3.296102329965427,2,179,3.955673117663313,2.0,1,8.341092487179488,WhatsApp Video 2026-09-26 at 8.34.22 PM.mp4,423.02222222222224,228.55555555555554
44.14213562373095,163.31571260988912,331,"(144, 238, 40, 18)",5,0.27028713231759216,2.743329355042507,2,200,34.62885111914656,2.0,1,9.31965641025641,WhatsApp Video 2026-09-26 at 8.34.22 PM.mp4,161.47432024169186,246.64350453172204
44.798989873223334,84.66601111622408,251,"(213, 273, 25, 36)",5,0.5291260245120813,5.410724270687777,2,200,39.867119946286664,17.48528137423857,2,9.31965641025641,WhatsApp Video 2026-09-26 at 8.34.22 PM.mp4,226.17529880478088,291.3625498007968
10.65685424949238,108.9239284230888,28,"(370, 264, 11, 5)",0,0.0978375863207797,3.1285442585034233,2,242,4.311939214151902,2.0,1,11.276784256410258,WhatsApp Video 2026-09-26 at 8.34.22 PM.mp4,375.67857142857144,266.4642857142857
15.899494936611665,50.089975535699125,175,"(321, 294, 18, 18)",5,0.31741870038008096,2.048898879572136,2,263,12.981709620773517,2.0,1,12.25534817948718,WhatsApp Video 2026-09-26 at 8.34.22 PM.mp4,329.1142857142857,303.04
12.242640687119286,159.8897915644536,87,"(428, 261, 16, 7)",4,0.0765692453991606,2.204182172806573,2,284,2.9289191093019173,1.707106781186547,2,13.233912102564103,WhatsApp Video 2026-09-26 at 8.34.22 PM.mp4,436.0689655172414,264.0689655172414
53.48528137423857,82.08497832097606,565,"(264, 234, 18, 61)",4,0.6515842784911949,5.933728867174124,2,326,48.70375888726629,2.5,3,15.191039948717949,WhatsApp Video 2026-09-26 at 8.34.22 PM.mp4,274.1575221238938,260.80884955752214
13.899494936611665,140.65309445890455,64,"(172, 256, 15, 10)",2,0.09882111012262701,3.542908851213825,2,326,5.70632795558771,1.914213562373095,2,15.191039948717949,WhatsApp Video 2026-09-26 at 8.34.22 PM.mp4,179.359375,260.625
13.242640687119286,139.3550361571306,129,"(205, 222, 22, 9)",0,0.09502807399215532,2.9883526228109636,2,368,5.125086748655482,1.914213562373095,2,17.148167794871796,WhatsApp Video 2026-09-26 at 8.34.22 PM.mp4,214.8139534883721,226.4108527131783
11.414213562373096,214.2386926027385,85,"(100, 233, 19, 6)",0,0.053278020994734145,3.328034714842398,2,389,-1.0653795034115525,3.707106781186548,3,18.12673171794872,WhatsApp Video 2026-09-26 at 8.34.22 PM.mp4,108.25882352941177,235.8235294117647
19.48528137423857,138.0463169795111,135,"(171, 258, 21, 9)",4,0.14115031679643136,2.7110692431953227,2,431,11.443961483768913,11.53553390593274,3,20.083859564102564,WhatsApp Video 2026-09-26 at 8.34.22 PM.mp4,181.75555555555556,261.74074074074076
15.414213562373096,168.3731145023613,93,"(146, 241, 20, 7)",0,0.09154795056164934,3.1969418222843804,2,452,5.606330930711753,3.5,3,21.062423487179487,WhatsApp Video 2026-09-26 at 8.34.22 PM.mp4,157.27956989247312,243.81720430107526
26.65685424949238,144.83603188571126,150,"(157, 256, 30, 9)",0,0.18404849886060845,4.108781959396594,2,473,18.220027468868242,6.707106781186548,3,22.04098741025641,WhatsApp Video 2026-09-26 at 8.34.22 PM.mp4,175.29333333333332,259.1666666666667
35.55634918610404,131.74550249304534,218,"(166, 257, 37, 17)",2,0.269886626209354,5.590809780820356,2,494,27.882057304528647,1.0,2,23.019551333333336,WhatsApp Video 2026-09-26 at 8.34.22 PM.mp4,187.1559633027523,265.0091743119266
32.48528137423857,164.73639668674886,173,"(156, 228, 37, 10)",0,0.19719553193827769,5.708429577438168,2,515,22.88924076738872,3.4999999999999982,2,23.99811525641026,WhatsApp Video 2026-09-26 at 8.34.22 PM.mp4,170.757225433526,232.39306358381504
7.242640687119286,253.5343564107719,66,"(38, 247, 14, 6)",0,0.028566703107427725,2.254239972057613,2,81,-3.0176308321753815,1.0,2,3.775524137931034,WhatsApp Video 2026-09-26 at 8.34.34 PM.mp4,44.71212121212121,249.56060606060606
20.31370849898476,278.35548772633405,103,"(113, 246, 19, 10)",4,0.07297757506026337,2.521575284887713,2,102,9.04895162977909,1.0,2,4.754363729246488,WhatsApp Video 2026-09-26 at 8.34.34 PM.mp4,120.94174757281553,250.70873786407768
21.31370849898476,477.197302106225,154,"(277, 373, 13, 22)",4,0.04466435246995652,2.2783204525510556,2,102,2.0020303611624506,5.035533905932737,2,4.754363729246488,WhatsApp Video 2026-09-26 at 8.34.34 PM.mp4,283.23376623376623,384.05194805194805
20.65685424949238,314.4101784780168,110,"(152, 263, 8, 21)",4,0.06570033562363403,3.0463624782638563,2,123,7.933001572154451,3.207106781186547,3,5.733203320561941,WhatsApp Video 2026-09-26 at 8.34.34 PM.mp4,155.70909090909092,273.1454545454545
9.414213562373096,361.0750468018197,185,"(214, 275, 12, 22)",0,0.026072733759251433,2.006168459753216,2,123,-5.1981177661130715,4.414213562373094,2,5.733203320561941,WhatsApp Video 2026-09-26 at 8.34.34 PM.mp4,219.5837837837838,286.63243243243244
15.485281374238571,300.08489992082855,90,"(167, 239, 17, 11)",4,0.05160300094514604,3.1922906002442413,2,144,3.3411578100159662,1.0,3,6.712042911877394,WhatsApp Video 2026-09-26 at 8.34.34 PM.mp4,174.93333333333334,243.82222222222222
23.31370849898476,269.31492170654536,162,"(97, 241, 23, 13)",4,0.08656671658315376,3.3632448522722505,2,144,12.414813926961626,2.207106781186546,2,6.712042911877394,WhatsApp Video 2026-09-26 at 8.34.34 PM.mp4,107.87654320987654,246.76543209876544
18.82842712474619,462.0229968924952,173,"(253, 369, 11, 25)",0,0.04075214275346394,2.3875839777535535,2,144,0.13083732514209956,1.0,2,6.712042911877394,WhatsApp Video 2026-09-26 at 8.34.34 PM.mp4,257.5780346820809,383.5606936416185
15.65685424949238,258.74156050065744,54,"(121, 223, 12, 7)",3,0.060511555311009255,2.1761187975336536,2,165,5.185852600463164,2.0,2,7.690882503192848,WhatsApp Video 2026-09-26 at 8.34.34 PM.mp4,125.64814814814815,226.1851851851852
8.82842712474619,311.87854255886515,18,"(152, 269, 8, 4)",2,0.028307260423598646,2.6823593619043353,2,165,-3.792972881931158,2.0,1,7.690882503192848,WhatsApp Video 2026-09-26 at 8.34.34 PM.mp4,154.94444444444446,270.6666666666667
21.82842712474619,444.7151916492996,140,"(277, 329, 8, 27)",0,0.049084059943605415,3.379830913192629,2,186,3.8312661889547144,2.5,3,8.6697220945083,WhatsApp Video 2026-09-26 at 8.34.34 PM.mp4,280.9428571428571,344.73571428571427
14.485281374238571,369.3340458873557,95,"(254, 255, 15, 12)",4,0.039220000255964706,2.4018624817242156,2,228,-0.46128305107456846,1.207106781186548,2,10.627401277139208,WhatsApp Video 2026-09-26 at 8.34.34 PM.mp4,261.7684210526316,260.5473684210526
15.242640687119286,407.5819718272304,135,"(284, 277, 9, 22)",0,0.03739773037258006,2.968061580575787,2,312,-1.2517774916203646,4.5,3,14.542759642401021,WhatsApp Video 2026-09-26 at 8.34.34 PM.mp4,287.8074074074074,288.6
19.31370849898476,619.3507247276932,106,"(390, 467, 17, 13)",4,0.03118379898154849,2.5603977614231757,2,312,-5.750770695630894,2.0,1,14.542759642401021,WhatsApp Video 2026-09-26 at 8.34.34 PM.mp4,398.6132075471698,474.02830188679246
13.242640687119286,266.51730777992685,95,"(96, 241, 18, 9)",0,0.04968773246822012,2.6706728634329813,2,333,2.456962638882617,6.035533905932737,3,15.521599233716474,WhatsApp Video 2026-09-26 at 8.34.34 PM.mp4,103.07368421052631,245.77894736842106
7.82842712474619,370.54133823157963,151,"(243, 266, 12, 18)",0,0.021127000733865777,2.03945000969232,2,333,-7.166995165158815,3.8284271247461907,3,15.521599233716474,WhatsApp Video 2026-09-26 at 8.34.34 PM.mp4,248.74172185430464,274.6423841059603
14.242640687119286,397.1643460739812,101,"(278, 271, 8, 19)",0,0.03586082393323961,3.202349351563892,2,333,-1.8301870203015351,1.707106781186548,2,15.521599233716474,WhatsApp Video 2026-09-26 at 8.34.34 PM.mp4,281.5742574257426,280.0990099009901
17.242640687119284,443.3307784033921,139,"(287, 320, 10, 22)",0,0.038893398624875064,2.3770317483471586,2,333,-0.6984944855408877,1.0,2,15.521599233716474,WhatsApp Video 2026-09-26 at 8.34.34 PM.mp4,292.2230215827338,333.3884892086331
12.242640687119286,263.2358043623149,103,"(91, 239, 17, 10)",2,0.04650826553316678,2.360812682475486,2,354,1.5897616667257761,1.292893218813453,2,16.500438825031928,WhatsApp Video 2026-09-26 at 8.34.34 PM.mp4,98.41747572815534,244.14563106796118
12.242640687119286,440.8513756299895,111,"(267, 336, 10, 20)",0,0.027770449098915014,2.1976955364042903,2,354,-5.598155635923254,6.499999999999999,2,16.500438825031928,WhatsApp Video 2026-09-26 at 8.34.34 PM.mp4,271.8288288288288,347.07207207207205
16.242640687119284,423.6377407612405,147,"(244, 332, 10, 22)",0,0.03834087269451645,2.250725158048294,2,375,-0.9015377491497105,1.207106781186547,2,17.47927841634738,WhatsApp Video 2026-09-26 at 8.34.34 PM.mp4,247.66666666666666,343.70068027210885
30.556349186104047,364.79426716909,245,"(259, 233, 19, 29)",2,0.08376323845007279,2.9891306210161157,2,396,15.793504880408364,2.0,1,18.458118007662833,WhatsApp Video 2026-09-26 at 8.34.34 PM.mp4,268.930612244898,246.47755102040816
9.071067811865476,392.1095012359356,118,"(292, 249, 13, 16)",0,0.02313401685823302,2.2288703705711863,2,396,-6.797195586163589,2.414213562373095,2,18.458118007662833,WhatsApp Video 2026-09-26 at 8.34.34 PM.mp4,297.3728813559322,255.57627118644066
10.071067811865476,331.16597699792095,36,"(160, 284, 9, 8)",4,0.030410937449437028,2.8519417720602975,2,396,-3.33087459173532,7.328427124746192,2,18.458118007662833,WhatsApp Video 2026-09-26 at 8.34.34 PM.mp4,164.55555555555554,287.3888888888889
17.899494936611667,368.11925505157257,261,"(178, 304, 19, 25)",0,0.048624174614566126,2.0051446231508523,2,396,3.002091832039186,2.621320343559642,2,18.458118007662833,WhatsApp Video 2026-09-26 at 8.34.34 PM.mp4,187.84291187739464,316.58620689655174
23.31370849898476,521.3219560891305,209,"(430, 275, 15, 24)",4,0.0447203656525044,2.000573490862065,2,417,2.216351540474218,2.0,1,19.43695759897829,WhatsApp Video 2026-09-26 at 8.34.34 PM.mp4,436.39712918660285,285.1913875598086
8.82842712474619,382.5341610623774,186,"(230, 291, 12, 22)",0,0.023078794061758563,2.150287801540135,2,417,-6.6523322227030715,4.707106781186547,3,19.43695759897829,WhatsApp Video 2026-09-26 at 8.34.34 PM.mp4,235.09139784946237,301.76881720430106
24.242640687119284,353.291291689383,212,"(243, 240, 28, 16)",0,0.06861941196227854,2.4254014836073754,2,459,9.945309826514107,1.0,2,21.394636781609194,WhatsApp Video 2026-09-26 at 8.34.34 PM.mp4,253.75943396226415,245.8066037735849
58.65685424949238,390.9313104496003,429,"(274, 242, 66, 13)",0,0.15004388925009002,8.059898552964578,2,459,42.83627100629703,3.0,2,21.394636781609194,WhatsApp Video 2026-09-26 at 8.34.34 PM.mp4,302.1515151515151,248.05594405594405
16.48528137423857,299.2848809760014,137,"(136, 256, 19, 12)",4,0.05508223910435512,2.3817276627082618,2,459,4.373533744034184,8.949747468305834,3,21.394636781609194,WhatsApp Video 2026-09-26 at 8.34.34 PM.mp4,144.86131386861314,261.8905109489051
10.82842712474619,288.2690139632722,76,"(89, 269, 16, 6)",0,0.03756361801038324,3.0369884743799442,2,459,-0.8375198330320881,4.292893218813453,3,21.394636781609194,WhatsApp Video 2026-09-26 at 8.34.34 PM.mp4,96.14473684210526,271.7631578947368
12.242640687119286,318.8559308486144,29,"(139, 282, 12, 5)",2,0.03839552444433538,4.420018673103703,2,459,-0.6611269614108508,2.0,1,21.394636781609194,WhatsApp Video 2026-09-26 at 8.34.34 PM.mp4,144.6206896551724,284.17241379310343
11.65685424949238,346.56429529613376,47,"(180, 289, 10, 10)",0,0.03363547372798972,2.3750502050874633,2,459,-2.3682420686974623,2.0,1,21.394636781609194,WhatsApp Video 2026-09-26 at 8.34.34 PM.mp4,185.0212765957447,293.0425531914894
23.14213562373095,343.295783650792,129,"(156, 290, 23, 18)",4,0.06741165119368794,3.3636006719424216,2,459,9.249312569882646,2.0,1,21.394636781609194,WhatsApp Video 2026-09-26 at 8.34.34 PM.mp4,169.03100775193798,298.7984496124031
12.242640687119286,416.04795545053184,117,"(272, 303, 10, 17)",4,0.029426032568437743,2.174019390948582,2,501,-4.594387037256224,1.0,2,23.352315964240102,WhatsApp Video 2026-09-26 at 8.34.34 PM.mp4,276.2735042735043,311.0769230769231
14.071067811865476,308.46364525415765,43,"(199, 228, 12, 8)",4,0.04561661650685501,3.4201348080994842,2,543,1.5878651448024819,2.0,1,25.309995146871007,WhatsApp Video 2026-09-26 at 8.34.34 PM.mp4,203.7906976744186,231.5581395348837
21.899494936611667,251.56564517410416,146,"(77, 230, 24, 12)",4,0.08705280453320807,3.6302137983344323,2,543,11.71889511198299,1.0,2,25.309995146871007,WhatsApp Video 2026-09-26 at 8.34.34 PM.mp4,87.11643835616438,236.0
33.071067811865476,526.0812886634579,104,"(264, 438, 6, 31)",4,0.06286303756570505,6.841573739633226,2,543,11.781105617699588,2.0,1,25.309995146871007,WhatsApp Video 2026-09-26 at 8.34.34 PM.mp4,266.03846153846155,453.8557692307692
14.65685424949238,356.01097277411014,71,"(108, 332, 11, 14)",2,0.04116966995506678,2.355519050543168,2,564,0.24946072609770908,2.0,1,26.28883473818646,WhatsApp Video 2026-09-26 at 8.34.34 PM.mp4,113.32394366197182,337.49295774647885
10.242640687119286,331.10013937767866,56,"(47, 324, 11, 7)",4,0.030935174797482434,2.050169522268791,2,606,-3.156637336515681,1.5,2,28.246513920817367,WhatsApp Video 2026-09-26 at 8.34.34 PM.mp4,52.392857142857146,326.92857142857144
8.242640687119286,278.5710157852552,33,"(60, 269, 10, 5)",0,0.02958901041403881,2.6091592498833642,2,648,-3.030838378304143,1.707106781186547,3,30.204193103448272,WhatsApp Video 2026-09-26 at 8.34.34 PM.mp4,64.12121212121212,271.09090909090907
10.0,513.6544574941635,86,"(233, 449, 6, 16)",0,0.019468340737826904,2.934551445096095,2,648,-10.787061270888977,2.0,1,30.204193103448272,WhatsApp Video 2026-09-26 at 8.34.34 PM.mp4,235.7906976744186,456.33720930232556
8.242640687119286,430.5797372768446,37,"(336, 261, 10, 7)",2,0.019143122570627648,2.0144957291314496,2,669,-9.18247312273945,2.0,1,31.183032694763728,WhatsApp Video 2026-09-26 at 8.34.34 PM.mp4,340.4864864864865,263.56756756756755
16.65685424949238,411.2238461225143,53,"(154, 372, 8, 16)",2,0.040505565050646085,3.2940764844139947,2,690,0.015053208572851418,2.0,1,32.16187228607918,WhatsApp Video 2026-09-26 at 8.34.34 PM.mp4,157.67924528301887,379.79245283018867
80.04163056034261,476.7139323933483,332,"(164, 410, 18, 70)",4,0.167902855615091,11.684174866290075,2,690,60.74951389169762,34.31370849898476,2,32.16187228607918,WhatsApp Video 2026-09-26 at 8.34.34 PM.mp4,171.7921686746988,444.68373493975906
46.55634918610404,311.4701229605469,233,"(480, 256, 41, 12)",4,0.14947292133056758,5.566010073179143,2,27,28.792973128506354,2.0,1,1.2579628597122303,WhatsApp Video 2026-09-26 at 8.34.49 PM.mp4,500.54077253218884,261.4334763948498
17.899494936611667,183.72826195423696,230,"(121, 357, 23, 19)",2,0.09742374279396424,2.206708454545694,2,27,7.421333569220019,1.5,2,1.2579628597122303,WhatsApp Video 2026-09-26 at 8.34.49 PM.mp4,133.2173913043478,365.4478260869565
10.242640687119286,303.9071730835852,64,"(62, 255, 15, 7)",0,0.033703188322910034,3.0700338299752015,2,69,-7.089414634183415,4.707106781186547,3,3.214793974820144,WhatsApp Video 2026-09-26 at 8.34.49 PM.mp4,68.828125,258.203125
11.82842712474619,312.8185851678526,100,"(76, 230, 18, 8)",0,0.03781241807739549,2.2556375066207424,2,90,-6.011852749693228,5.621320343559642,3,4.193209532374101,WhatsApp Video 2026-09-26 at 8.34.49 PM.mp4,83.57,233.67
13.071067811865476,248.98538836184906,37,"(151, 258, 12, 7)",4,0.05249732885075716,3.6889588569007605,2,90,-1.1287566986823911,2.0,1,4.193209532374101,WhatsApp Video 2026-09-26 at 8.34.49 PM.mp4,156.97297297297297,261.2162162162162
64.72792206135786,184.7317641611164,1171,"(298, 264, 28, 80)",0,0.35038869658011007,4.3375431928224515,2,90,54.19253020615571,1.5,2,4.193209532374101,WhatsApp Video 2026-09-26 at 8.34.49 PM.mp4,308.9402220324509,296.93680614859096
11.071067811865476,174.04940435513353,81,"(230, 305, 13, 11)",4,0.06360876587245234,2.163990021017189,2,90,1.1448989942137882,1.5,2,4.193209532374101,WhatsApp Video 2026-09-26 at 8.34.49 PM.mp4,236.1851851851852,309.962962962963
21.899494936611667,232.69267582089003,104,"(443, 322, 22, 9)",4,0.094113383067838,3.4537486506347705,2,90,8.628856112037452,4.621320343559644,2,4.193209532374101,WhatsApp Video 2026-09-26 at 8.34.49 PM.mp4,452.58653846153845,325.5576923076923
8.65685424949238,249.02425771900621,31,"(512, 402, 8, 7)",4,0.03476309628944098,2.0030720294809887,2,90,-5.54518700981372,1.0,2,4.193209532374101,WhatsApp Video 2026-09-26 at 8.34.49 PM.mp4,515.258064516129,404.4516129032258
46.55634918610404,253.90951929108982,656,"(271, 205, 25, 50)",4,0.18335802972684292,2.924027407717265,2,111,32.07569777433833,2.0,1,5.171625089928058,WhatsApp Video 2026-09-26 at 8.34.49 PM.mp4,285.4557926829268,225.21036585365854
13.65685424949238,272.13449222966204,91,"(331, 211, 18, 7)",0,0.050184209056332967,2.8581123619399977,2,111,-1.8631811162470058,1.121320343559642,3,5.171625089928058,WhatsApp Video 2026-09-26 at 8.34.49 PM.mp4,340.53846153846155,214.23076923076923
22.65685424949238,340.85939277303277,72,"(532, 262, 20, 7)",5,0.06646979584505346,3.7228981237739465,2,111,3.217385965856316,1.0,2,5.171625089928058,WhatsApp Video 2026-09-26 at 8.34.49 PM.mp4,543.5,265.6666666666667
15.65685424949238,308.0157917159942,51,"(501, 272, 14, 6)",4,0.05083133615411762,2.490151003179809,2,111,-1.909518691590435,1.378679656440358,2,5.171625089928058,WhatsApp Video 2026-09-26 at 8.34.49 PM.mp4,507.4901960784314,273.94117647058823
13.071067811865476,248.31685803868945,92,"(424, 279, 17, 11)",0,0.05263866462835526,2.726638542651597,2,111,-1.090629910073213,1.707106781186548,2,5.171625089928058,WhatsApp Video 2026-09-26 at 8.34.49 PM.mp4,431.32608695652175,283.94565217391306
14.071067811865476,231.15648467099123,86,"(415, 295, 16, 10)",4,0.06087247706631745,2.575703184687509,2,111,0.8880391273349719,1.707106781186548,2,5.171625089928058,WhatsApp Video 2026-09-26 at 8.34.49 PM.mp4,422.63953488372096,298.9651162790698
19.071067811865476,166.0117798135629,247,"(218, 309, 15, 26)",4,0.11487779863141616,2.576919726384561,2,111,9.603290784683464,2.0,1,5.171625089928058,WhatsApp Video 2026-09-26 at 8.34.49 PM.mp4,225.51417004048582,321.3886639676113
9.65685424949238,185.94448802912586,84,"(380, 321, 12, 13)",4,0.05193407103296203,2.1410283309518707,2,111,-0.9477001626725929,1.4142135623730958,2,5.171625089928058,WhatsApp Video 2026-09-26 at 8.34.49 PM.mp4,385.3809523809524,327.4404761904762
32.65685424949238,226.67963993368244,577,"(305, 237, 22, 45)",2,0.14406611135894912,2.551577559371837,2,132,19.72914339726121,1.2071067811865461,3,6.150040647482014,WhatsApp Video 2026-09-26 at 8.34.49 PM.mp4,316.473136915078,255.66897746967072
18.65685424949238,326.86887553004,214,"(543, 304, 26, 12)",0,0.057077487782337885,2.1888132747474165,2,132,0.015275717417061685,4.414213562373096,2,6.150040647482014,WhatsApp Video 2026-09-26 at 8.34.49 PM.mp4,557.6355140186915,310.31775700934577
15.899494936611665,138.6182825058251,210,"(364, 366, 18, 21)",2,0.11469984080883074,2.0198872819628253,2,153,7.9939897240902615,2.0,1,7.128456205035971,WhatsApp Video 2026-09-26 at 8.34.49 PM.mp4,371.73809523809524,377.2
10.242640687119286,209.56595919797996,76,"(216, 271, 10, 13)",2,0.04887549832195274,2.2431064127009326,2,174,-1.7090640437271567,2.0,1,8.106871762589929,WhatsApp Video 2026-09-26 at 8.34.49 PM.mp4,220.9078947368421,277.2631578947368
28.65685424949238,158.19436367764624,359,"(205, 315, 16, 40)",0,0.18114965402867736,3.505231755022682,2,174,19.634910361300104,2.0,1,8.106871762589929,WhatsApp Video 2026-09-26 at 8.34.49 PM.mp4,212.35654596100278,334.9108635097493
11.071067811865476,149.16737949457755,124,"(371, 359, 14, 17)",2,0.07421909434473858,2.319781211807013,2,174,2.5639396407817934,3.8284271247461916,3,8.106871762589929,WhatsApp Video 2026-09-26 at 8.34.49 PM.mp4,376.9516129032258,367.68548387096774
36.72792206135786,262.1669695987341,286,"(220, 211, 37, 16)",4,0.14009362856645385,2.287248833327314,2,195,21.776342029866427,2.0,1,9.085287320143886,WhatsApp Video 2026-09-26 at 8.34.49 PM.mp4,243.63986013986013,219.04895104895104
18.65685424949238,281.46053917871683,259,"(121, 232, 28, 13)",0,0.06628586125760948,2.3173094569799244,2,216,2.604947391514056,11.035533905932738,3,10.063702877697843,WhatsApp Video 2026-09-26 at 8.34.49 PM.mp4,132.6911196911197,237.74131274131275
9.414213562373096,233.57176856623315,102,"(335, 251, 17, 9)",0,0.04030544282025907,2.6386647342588967,2,216,-3.9065605845768516,1.0,3,10.063702877697843,WhatsApp Video 2026-09-26 at 8.34.49 PM.mp4,343.1666666666667,254.80392156862746
10.82842712474619,288.25450082303433,22,"(129, 227, 12, 4)",0,0.03756550927679702,6.299598845351007,2,237,-5.610944490563588,2.5,2,11.0421184352518,WhatsApp Video 2026-09-26 at 8.34.49 PM.mp4,134.95454545454547,228.54545454545453
8.82842712474619,259.8819675223614,34,"(194, 229, 11, 6)",2,0.03397091075196109,3.2240476847817963,2,237,-5.992837514728842,2.0,2,11.0421184352518,WhatsApp Video 2026-09-26 at 8.34.49 PM.mp4,198.11764705882354,231.58823529411765
15.071067811865476,246.69291646358852,42,"(83, 317, 7, 14)",4,0.06109242222238652,4.025482841578236,2,237,1.0019847029108373,2.0,1,11.0421184352518,WhatsApp Video 2026-09-26 at 8.34.49 PM.mp4,86.23809523809524,323.3809523809524
18.31370849898476,257.6860630402627,117,"(74, 304, 18, 16)",4,0.07106984476736444,3.495604952466099,2,258,3.6176779485174357,2.0,1,12.020533992805756,WhatsApp Video 2026-09-26 at 8.34.49 PM.mp4,82.4017094017094,310.8376068376068
12.242640687119286,275.0569984095519,47,"(151, 229, 12, 7)",4,0.04450946806628911,2.14941370971367,3,279,-3.444067410536068,2.0,1,12.998949550359713,WhatsApp Video 2026-09-26 at 8.34.49 PM.mp4,155.9787234042553,232.31914893617022
11.242640687119286,325.46811168970413,164,"(39, 243, 22, 10)",0,0.03454298680368979,2.324186446704639,2,279,-7.3190512265309255,1.0,2,12.998949550359713,WhatsApp Video 2026-09-26 at 8.34.49 PM.mp4,48.6219512195122,247.7560975609756
15.071067811865476,285.01985561267173,89,"(88, 255, 16, 9)",4,0.052877255794930765,2.581465415795059,2,300,-1.1838295471707525,1.0,3,13.97736510791367,WhatsApp Video 2026-09-26 at 8.34.49 PM.mp4,96.52808988764045,258.9325842696629
13.071067811865476,239.43760309534005,134,"(219, 237, 12, 17)",2,0.05459070606658552,2.1723909410887825,2,321,-0.5842393029395154,2.0,1,14.955780665467627,WhatsApp Video 2026-09-26 at 8.34.49 PM.mp4,224.43283582089552,245.55223880597015
36.38477631085024,279.60452414351374,304,"(96, 245, 35, 22)",4,0.13012942627557372,2.5378037283269457,2,342,20.43871939034102,2.0,1,15.934196223021583,WhatsApp Video 2026-09-26 at 8.34.49 PM.mp4,108.88815789473684,256.07236842105266
12.242640687119286,327.3043233528393,124,"(507, 252, 21, 9)",0,0.037404457606022894,2.827225047872801,2,342,-6.423771762753104,2.914213562373095,3,15.934196223021583,WhatsApp Video 2026-09-26 at 8.34.49 PM.mp4,517.4677419354839,256.25
58.89949493661167,263.7970450848961,1048,"(172, 213, 62, 26)",2,0.2232757949114116,3.066688506829265,2,363,43.8549504705615,3.085786437626904,2,16.912611780575542,WhatsApp Video 2026-09-26 at 8.34.49 PM.mp4,206.1956106870229,225.0658396946565
10.414213562373096,255.40325347077564,40,"(295, 222, 12, 6)",0,0.04077557126172136,2.5708344344623155,2,363,-4.151626636399346,1.707106781186547,2,16.912611780575542,WhatsApp Video 2026-09-26 at 8.34.49 PM.mp4,299.7,224.55
26.65685424949238,321.294875674783,179,"(78, 213, 29, 9)",0,0.08296694490849783,3.4411854302374496,2,384,8.33316513368851,6.121320343559642,3,17.891027338129497,WhatsApp Video 2026-09-26 at 8.34.49 PM.mp4,91.56983240223464,217.0782122905028
17.071067811865476,293.9457365619297,122,"(138, 211, 20, 9)",4,0.058075575483874625,2.330577334403734,2,405,0.3071207294081013,2.0,3,18.869442895683456,WhatsApp Video 2026-09-26 at 8.34.49 PM.mp4,147.27868852459017,215.54918032786884
35.72792206135786,330.242097776991,278,"(507, 257, 38, 15)",4,0.10818706125554153,3.8576049673061723,2,405,16.89396612008225,2.0,1,18.869442895683456,WhatsApp Video 2026-09-26 at 8.34.49 PM.mp4,528.9136690647482,264.6906474820144
21.242640687119284,127.17996651375445,259,"(331, 351, 13, 30)",0,0.16702819846097303,2.7648856881460038,2,405,13.989471263666552,12.121320343559644,3,18.869442895683456,WhatsApp Video 2026-09-26 at 8.34.49 PM.mp4,337.7876447876448,366.9343629343629
17.65685424949238,352.2583514282648,113,"(29, 217, 21, 8)",4,0.050124728563285995,2.875069256057016,2,426,-2.4327052446048008,2.0,3,19.84785845323741,WhatsApp Video 2026-09-26 at 8.34.49 PM.mp4,38.150442477876105,220.69026548672565
22.899494936611667,192.4682850142959,169,"(225, 280, 15, 23)",4,0.11897801726092572,2.450382407871279,2,426,11.922883461414436,2.0,1,19.84785845323741,WhatsApp Video 2026-09-26 at 8.34.49 PM.mp4,232.46745562130178,291.9112426035503
11.414213562373096,261.6716198601871,28,"(263, 216, 15, 4)",0,0.043620372619972266,4.117250303641948,2,447,-3.5091162998815335,6.949747468305832,2,20.82627401079137,WhatsApp Video 2026-09-26 at 8.34.49 PM.mp4,268.17857142857144,217.5
12.242640687119286,297.10711644808674,109,"(478, 264, 18, 9)",4,0.041206150944750025,2.165596801824704,2,447,-4.701602274907396,6.621320343559643,3,20.82627401079137,WhatsApp Video 2026-09-26 at 8.34.49 PM.mp4,487.20183486238534,268.3761467889908
17.071067811865476,362.8507239673253,75,"(15, 217, 19, 8)",4,0.04704708213122575,3.8541206344019487,2,468,-3.6225826780712502,3.414213562373095,2,21.804689568345324,WhatsApp Video 2026-09-26 at 8.34.49 PM.mp4,23.0,220.52
14.242640687119286,257.62223977778046,173,"(175, 233, 24, 12)",0,0.05528498121670197,2.6635324422139717,2,468,-0.4497499745461244,7.035533905932737,3,21.804689568345324,WhatsApp Video 2026-09-26 at 8.34.49 PM.mp4,185.71676300578034,238.34104046242774
9.242640687119286,328.0414011729828,76,"(25, 259, 14, 7)",4,0.028175226218612133,2.1610323440731176,2,489,-9.465807866821367,4.499999999999999,2,22.783105125899283,WhatsApp Video 2026-09-26 at 8.34.49 PM.mp4,31.61842105263158,262.0263157894737
11.242640687119286,246.44964319879446,127,"(260, 223, 11, 19)",0,0.04561840926688053,2.3667794412025343,2,510,-2.8125683640405903,2.707106781186547,3,23.761520683453238,WhatsApp Video 2026-09-26 at 8.34.49 PM.mp4,264.7244094488189,232.88976377952756
57.2842712474619,248.24012560913147,911,"(183, 226, 57, 31)",2,0.23076153021957185,2.610453284687699,2,510,43.126949633860974,2.0,1,23.761520683453238,WhatsApp Video 2026-09-26 at 8.34.49 PM.mp4,215.54884742041713,238.6542261251372
12.65685424949238,355.10384654966606,102,"(8, 234, 19, 9)",0,0.035642684168227246,2.929412182098293,2,510,-7.594985977764921,6.121320343559644,3,23.761520683453238,WhatsApp Video 2026-09-26 at 8.34.49 PM.mp4,17.205882352941178,237.61764705882354
18.72792206135786,267.5666422450743,36,"(76, 293, 14, 9)",5,0.06999348612449324,5.221146372775115,2,510,3.4683946258163285,2.0,1,23.761520683453238,WhatsApp Video 2026-09-26 at 8.34.49 PM.mp4,82.19444444444444,296.27777777777777
13.242640687119286,194.05976895592872,52,"(202, 294, 7, 12)",4,0.06824001058213519,2.151486625568993,2,510,2.175265682257823,2.0,1,23.761520683453238,WhatsApp Video 2026-09-26 at 8.34.49 PM.mp4,205.03846153846155,299.03846153846155
29.899494936611667,320.80823561478525,219,"(458, 277, 32, 13)",4,0.09320052173633685,3.9862356856560637,2,27,15.27629833515612,2.292893218813454,2,1.2584747282608697,WhatsApp Video 2026-09-26 at 8.34.58 PM.mp4,473.7351598173516,283.18721461187215
39.72792206135786,333.5297905359705,424,"(298, 311, 17, 42)",4,0.11911356403131637,3.2708030482346144,2,27,24.524846959176777,10.742640687119287,2,1.2584747282608697,WhatsApp Video 2026-09-26 at 8.34.58 PM.mp4,306.5188679245283,333.12264150943395
28.071067811865476,367.34047299446655,226,"(360, 349, 14, 30)",1,0.07641702963748383,2.1890601902450166,3,27,11.326821997927311,2.0,1,1.2584747282608697,WhatsApp Video 2026-09-26 at 8.34.58 PM.mp4,365.5486725663717,364.86725663716817
12.242640687119286,293.3195419586586,140,"(395, 273, 12, 21)",0,0.041738237436784224,2.3152049786875275,2,48,-1.1275563743450316,2.0,1,2.2372884057971016,WhatsApp Video 2026-09-26 at 8.34.58 PM.mp4,399.77142857142854,283.09285714285716
12.65685424949238,350.9354640146793,77,"(264, 340, 8, 14)",2,0.036066045034886966,2.2850618217363414,2,48,-3.3396125334606594,2.0,2,2.2372884057971016,WhatsApp Video 2026-09-26 at 8.34.58 PM.mp4,267.4155844155844,346.5064935064935
7.82842712474619,294.0819520823845,24,"(275, 287, 5, 10)",0,0.026619882890851883,3.654501124452241,2,69,-5.576522389718027,2.0,1,3.2161020833333334,WhatsApp Video 2026-09-26 at 8.34.58 PM.mp4,276.7083333333333,290.4166666666667
12.242640687119286,262.6215111437128,127,"(394, 245, 19, 10)",0,0.04661705217444971,2.3467151758299627,2,90,0.27173232852829443,2.0,1,4.1949157608695655,WhatsApp Video 2026-09-26 at 8.34.58 PM.mp4,403.748031496063,249.89763779527559
12.242640687119286,377.2018424557156,84,"(386, 365, 16, 10)",0,0.03245647106974723,2.245826902068833,2,90,-4.951109623220246,3.621320343559643,3,4.1949157608695655,WhatsApp Video 2026-09-26 at 8.34.58 PM.mp4,394.8333333333333,370.29761904761904
8.82842712474619,241.71481651309992,29,"(216, 218, 12, 4)",0,0.03652414548724085,3.8521983369591557,2,111,-2.189504745307433,2.0,1,5.173729438405797,WhatsApp Video 2026-09-26 at 8.34.58 PM.mp4,222.0344827586207,219.6206896551724
104.38477631085024,276.21762999705896,727,"(145, 240, 103, 16)",4,0.3779077255566985,9.202518158933671,2,132,91.79412476322226,13.207106781186553,2,6.152543115942029,WhatsApp Video 2026-09-26 at 8.34.58 PM.mp4,201.78679504814306,248.20357634112793
20.242640687119284,320.5593261616993,137,"(110, 246, 26, 7)",0,0.06314787633696334,3.820607275758731,2,132,5.6307899660506955,3.207106781186547,2,6.152543115942029,WhatsApp Video 2026-09-26 at 8.34.58 PM.mp4,121.41605839416059,249.24817518248176
56.14213562373095,358.38799550794477,339,"(214, 312, 20, 57)",4,0.1566518307739646,6.740354881985406,2,153,39.80596486467607,6.707106781186546,2,7.131356793478261,WhatsApp Video 2026-09-26 at 8.34.58 PM.mp4,224.858407079646,344.69026548672565
17.48528137423857,453.6133452550549,111,"(216, 435, 13, 16)",2,0.038546664372070126,2.1863661980111986,2,153,-3.191485592160621,2.0,1,7.131356793478261,WhatsApp Video 2026-09-26 at 8.34.58 PM.mp4,222.9009009009009,442.43243243243245
16.242640687119284,370.3840539230922,86,"(291, 360, 9, 19)",0,0.043853509661331044,3.396022622893229,2,174,-0.6403387294847924,1.9142135623730958,2,8.110170471014493,WhatsApp Video 2026-09-26 at 8.34.58 PM.mp4,295.4767441860465,369.36046511627904
49.55634918610404,239.62194098284195,286,"(212, 218, 49, 11)",3,0.20681056577224083,6.7088432980341635,3,195,38.63381552265409,9.949747468305832,3,9.088984148550725,WhatsApp Video 2026-09-26 at 8.34.58 PM.mp4,236.48601398601397,223.46153846153845
35.798989873223334,279.87988011226275,461,"(176, 235, 33, 26)",4,0.127908407917225,2.2271775858652427,2,195,23.041404321124737,2.0,1,9.088984148550725,WhatsApp Video 2026-09-26 at 8.34.58 PM.mp4,190.46637744034706,246.51409978308027
11.242640687119286,330.48589688302377,21,"(236, 315, 6, 9)",3,0.03401851877237183,3.398320450300616,2,195,-3.8216865576831918,2.0,1,9.088984148550725,WhatsApp Video 2026-09-26 at 8.34.58 PM.mp4,238.76190476190476,319.57142857142856
14.242640687119286,369.76284956529514,53,"(331, 362, 9, 16)",0,0.038518311679670854,4.792331892479687,2,216,-2.612022768592018,2.0,1,10.067797826086958,WhatsApp Video 2026-09-26 at 8.34.58 PM.mp4,335.0566037735849,369.5660377358491
15.242640687119286,397.9265224758935,98,"(324, 388, 7, 20)",0,0.03830516395911431,3.0022187038720007,2,216,-2.8957894561944304,2.707106781186548,3,10.067797826086958,WhatsApp Video 2026-09-26 at 8.34.58 PM.mp4,326.81632653061223,397.90816326530614
18.31370849898476,326.85948558181263,195,"(102, 240, 21, 17)",0,0.0560293009896476,2.321537162836612,2,237,3.4146816409186975,1.0,2,11.046611503623188,WhatsApp Video 2026-09-26 at 8.34.58 PM.mp4,110.67692307692307,248.51282051282053
19.48528137423857,248.7931508677552,121,"(298, 241, 17, 13)",4,0.07831920334734568,2.000214416555757,2,237,8.14470231689999,4.914213562373096,2,11.046611503623188,WhatsApp Video 2026-09-26 at 8.34.58 PM.mp4,305.44628099173553,248.17355371900825
9.242640687119286,263.7405262873742,22,"(226, 245, 9, 5)",2,0.035044446210926325,3.208486774842126,2,237,-2.779275022995611,2.5,2,11.046611503623188,WhatsApp Video 2026-09-26 at 8.34.58 PM.mp4,229.6818181818182,246.6818181818182
9.65685424949238,259.30051008759597,41,"(297, 254, 6, 11)",0,0.03724194081311347,2.2779038237947358,2,237,-2.1626750422109673,2.0,1,11.046611503623188,WhatsApp Video 2026-09-26 at 8.34.58 PM.mp4,299.3414634146341,258.219512195122
9.242640687119286,322.51850113170093,34,"(129, 258, 9, 8)",0,0.0286577069367721,2.4614239827821365,2,237,-5.458513853435365,2.0,1,11.046611503623188,WhatsApp Video 2026-09-26 at 8.34.58 PM.mp4,133.85294117647058,261.2352941176471
16.414213562373096,243.83167072165924,96,"(217, 223, 22, 8)",0,0.0673178078704566,3.27707869185584,2,258,5.299790480960574,1.0,2,12.02542518115942,WhatsApp Video 2026-09-26 at 8.34.58 PM.mp4,230.1875,225.47916666666666
29.899494936611667,319.1659447924483,147,"(84, 221, 28, 10)",3,0.09368009157761217,3.431227073543938,2,279,15.351157827231743,8.121320343559644,3,13.004238858695652,WhatsApp Video 2026-09-26 at 8.34.58 PM.mp4,96.89795918367346,225.2721088435374
9.242640687119286,356.26053100492186,55,"(198, 333, 12, 6)",0,0.02594348765227545,2.113997760941285,2,279,-6.996555218310961,2.0,1,13.004238858695652,WhatsApp Video 2026-09-26 at 8.34.58 PM.mp4,202.6727272727273,335.3272727272727
35.89949493661167,259.2344033991091,384,"(187, 229, 44, 14)",0,0.138482757172249,3.5242646270847144,2,300,24.08297894380497,1.0,2,13.983052536231884,WhatsApp Video 2026-09-26 at 8.34.58 PM.mp4,211.95052083333334,234.24739583333334
10.242640687119286,289.14704164905316,49,"(150, 233, 12, 6)",4,0.03542363991934284,2.170013939617133,2,300,-2.9373639616407043,2.0,1,13.983052536231884,WhatsApp Video 2026-09-26 at 8.34.58 PM.mp4,154.89795918367346,235.26530612244898
7.0710678118654755,309.9464506728548,35,"(385, 299, 10, 8)",0,0.022813837024153936,3.0601280103105215,2,300,-7.057022994241038,2.0,1,13.983052536231884,WhatsApp Video 2026-09-26 at 8.34.58 PM.mp4,389.42857142857144,302.74285714285713
42.798989873223334,387.5081931626041,188,"(41, 273, 38, 18)",5,0.11044667087919934,6.186530807439966,2,321,25.13545177099136,10.656854249492381,2,14.961866213768117,WhatsApp Video 2026-09-26 at 8.34.58 PM.mp4,56.090425531914896,280.93617021276594
17.31370849898476,355.9795702147167,121,"(329, 348, 13, 17)",2,0.04863680375966976,2.6822648822083015,2,321,1.0873194495399794,2.0,1,14.961866213768117,WhatsApp Video 2026-09-26 at 8.34.58 PM.mp4,335.24793388429754,355.7685950413223
27.48528137423857,290.38717993983283,233,"(441, 251, 31, 11)",4,0.09465046418348572,3.1219892939214584,2,342,14.248748295015094,7.121320343559642,3,15.940679891304349,WhatsApp Video 2026-09-26 at 8.34.58 PM.mp4,458.3690987124464,256.90128755364805
7.242640687119286,341.8934098845858,65,"(358, 334, 7, 13)",0,0.021183914277739982,2.143845164064738,2,342,-8.341667926103566,2.707106781186547,2,15.940679891304349,WhatsApp Video 2026-09-26 at 8.34.58 PM.mp4,361.04615384615386,339.7692307692308
27.556349186104047,401.18624314464597,265,"(166, 359, 18, 27)",4,0.06868717374281631,2.4539363764806263,2,342,9.269333280602375,2.0,1,15.940679891304349,WhatsApp Video 2026-09-26 at 8.34.58 PM.mp4,174.86415094339623,372.8377358490566
10.242640687119286,373.37044001871755,83,"(44, 251, 15, 8)",0,0.027432918060159794,2.110051984966073,2,363,-6.776465256662293,1.0,2,16.91949356884058,WhatsApp Video 2026-09-26 at 8.34.58 PM.mp4,50.10843373493976,254.83132530120483
31.48528137423857,323.2755846578467,270,"(465, 273, 36, 14)",0,0.09739455396101886,3.033202497760074,2,363,16.749617179574397,1.5,3,16.91949356884058,WhatsApp Video 2026-09-26 at 8.34.58 PM.mp4,485.4851851851852,279.47037037037035
15.65685424949238,305.7226541148905,47,"(403, 290, 14, 8)",4,0.051212607370628604,4.007129631830725,2,363,1.7212940601678781,2.0,1,16.91949356884058,WhatsApp Video 2026-09-26 at 8.34.58 PM.mp4,408.82978723404256,293.4255319148936
11.485281374238571,316.29164822677615,118,"(378, 305, 16, 12)",0,0.03631231314082566,2.226912054648019,2,363,-2.9320385133104843,2.0,1,16.91949356884058,WhatsApp Video 2026-09-26 at 8.34.58 PM.mp4,385.0508474576271,310.14406779661016
29.071067811865476,305.13957597443914,198,"(464, 255, 34, 11)",0,0.09527137775894627,3.6629972497393464,2,384,15.162085700455624,1.707106781186548,2,17.898307246376813,WhatsApp Video 2026-09-26 at 8.34.58 PM.mp4,483.1969696969697,259.7020202020202
7.82842712474619,385.95533556971435,105,"(40, 267, 18, 9)",0,0.020283246280791877,2.4252668105711432,2,384,-9.764328063102761,1.914213562373095,2,17.898307246376813,WhatsApp Video 2026-09-26 at 8.34.58 PM.mp4,48.40952380952381,271.22857142857146
23.0,350.34746154155596,204,"(279, 330, 9, 33)",0,0.06564911273738996,4.334304192411189,2,405,7.030335757667988,2.32842712474619,2,18.877120923913044,WhatsApp Video 2026-09-26 at 8.34.58 PM.mp4,283.1421568627451,348.0735294117647
38.72792206135786,284.230967992636,197,"(322, 266, 11, 36)",4,0.13625511088700665,4.800747228018382,2,447,25.772003653548822,13.242640687119287,2,20.834748278985508,WhatsApp Video 2026-09-26 at 8.34.58 PM.mp4,327.3248730964467,284.1979695431472
10.82842712474619,365.71217257389196,32,"(549, 281, 13, 4)",0,0.029609151504406957,3.795867968630428,2,447,-5.841596912651033,1.0,2,20.834748278985508,WhatsApp Video 2026-09-26 at 8.34.58 PM.mp4,554.9375,282.75
23.071067811865476,420.86244868687083,258,"(299, 404, 13, 31)",4,0.054818546733854036,2.960448617908724,2,447,3.8871640148693416,2.207106781186548,2,20.834748278985508,WhatsApp Video 2026-09-26 at 8.34.58 PM.mp4,305.43798449612405,420.49612403100775
13.242640687119286,377.8091277191616,149,"(311, 367, 9, 22)",0,0.03505114015393242,2.518969518968152,2,468,-3.9787911189384584,6.914213562373096,3,21.81356195652174,WhatsApp Video 2026-09-26 at 8.34.58 PM.mp4,315.0134228187919,377.7248322147651
8.242640687119286,178.70761110493612,37,"(299, 172, 6, 11)",0,0.04612361295725258,2.911797530382295,2,489,0.0967259591013061,4.707106781186547,2,22.792375634057972,WhatsApp Video 2026-09-26 at 8.34.58 PM.mp4,301.4594594594595,177.40540540540542
43.89949493661167,364.3518766339731,520,"(239, 331, 18, 50)",2,0.12048653445172997,3.958775786151179,2,489,27.291476398940706,2.2573593128807126,2,22.792375634057972,WhatsApp Video 2026-09-26 at 8.34.58 PM.mp4,247.1346153846154,356.3673076923077
26.242640687119284,184.13810081302634,106,"(315, 171, 5, 27)",4,0.14251608206693755,6.345288478595268,2,510,17.849191420309296,13.0,3,23.771189311594203,WhatsApp Video 2026-09-26 at 8.34.58 PM.mp4,316.91509433962267,184.03773584905662
9.414213562373096,202.4787276937491,83,"(280, 192, 8, 16)",0,0.046494827726358386,2.3008903039898354,2,510,0.18475523190305587,1.0,2,23.771189311594203,WhatsApp Video 2026-09-26 at 8.34.58 PM.mp4,282.7831325301205,198.44578313253012
22.48528137423857,357.14712368840867,314,"(336, 338, 17, 32)",0,0.06295803573055161,2.0129618412355916,2,510,6.205672481619285,4.999999999999998,2,23.771189311594203,WhatsApp Video 2026-09-26 at 8.34.58 PM.mp4,345.05732484076435,356.4649681528662
